MUNICIPIO;Total_Postos;Total_PAE;Total_Agências
ABADIA DE GOIAS ;2;2;
ABADIA DOS DOURADOS ;2;1;
ABADIANIA ;1;2;2
ABAETE;2;6;3
ABAETETUBA;1;15;7
ABAIARA ;1;1;
ABAIRA;2;2;
ABARE ;1;2;1
ABATIA;1;1;1
ABDON BATISTA ;1;1;
ABEL FIGUEIREDO ;2;1;1
ABELARDO LUZ;5;5;3
ABRE CAMPO;2;5;1
ABREU E LIMA;1;6;6
ABREULANDIA ;1;1;
ACAIACA ;1;1;
ACAILANDIA;3;4;6
ACAJUTIBA ;1;2;1
ACARA ;1;2;2
ACARAPE ;1;2;
ACARAU;3;2;4
ACARI ;;1;
ACEGUA;1;;1
ACOPIARA;;3;4
ACORIZAL;2;1;
ACRELANDIA;3;2;1
ACREUNA ;3;3;3
ACU ;;3;4
ACUCENA ;2;1;
ADAMANTINA;4;8;5
ADELANDIA ;1;1;
ADOLFO;1;1;1
ADRIANOPOLIS;;;1
ADUSTINA;2;2;
AFOGADOS DA INGAZEIRA ;2;4;3
AFONSO BEZERRA;1;2;
AFONSO CLAUDIO;2;4;3
AFONSO CUNHA;1;1;
AFRANIO ;1;2;1
AFUA;1;3;2
AGRESTINA ;1;2;1
AGRICOLANDIA;1;1;
AGROLANDIA;3;2;2
AGRONOMICA;4;1;
AGUA AZUL DO NORTE;2;2;1
AGUA BOA;3;5;4
AGUA BRANCA ;3;6;4
AGUA CLARA;3;2;1
AGUA COMPRIDA ;1;1;
AGUA DOCE ;4;2;1
AGUA DOCE DO MARANHAO ;1;1;
AGUA DOCE DO NORTE;1;2;1
AGUA FRIA ;1;2;1
AGUA FRIA DE GOIAS;1;1;
AGUA LIMPA;1;;
AGUA PRETA;1;3;1
AGUA SANTA;1;1;2
AGUAI ;3;3;5
AGUANIL ;1;2;
AGUAS BELAS ;1;2;2
AGUAS DA PRATA;3;2;3
AGUAS DE CHAPECO;3;1;
AGUAS DE LINDOIA;1;4;5
AGUAS DE SANTA BARBARA;;2;2
AGUAS DE SAO PEDRO;1;4;2
AGUAS FORMOSAS;1;6;4
AGUAS FRIAS ;3;;
AGUAS LINDAS DE GOIAS ;1;7;6
AGUAS MORNAS;3;1;
AGUAS VERMELHAS ;;;1
AGUDO ;4;5;2
AGUDOS;5;7;5
AGUDOS DO SUL ;;;1
AGUIA BRANCA;2;2;1
AGUIAR;1;1;
AGUIARNOPOLIS ;1;1;
AIMORES ;3;6;3
AIQUARA ;1;1;
AIUABA;1;2;1
AIURUOCA;;1;1
AJURICABA ;1;1;2
ALAGOA GRANDE ;2;3;2
ALAGOA NOVA ;1;2;1
ALAGOINHA ;2;3;1
ALAGOINHA DO PIAUI;1;1;
ALAGOINHAS;4;10;10
ALAMBARI;1;1;
ALBERTINA ;1;;
ALCANTARA ;1;2;1
ALCANTARAS;1;1;
ALCINOPOLIS ;2;2;
ALCOBACA;3;5;1
ALDEIAS ALTAS ;2;2;
ALECRIM ;2;;1
ALEGRE;1;6;4
ALEGRETE;3;23;8
ALEGRETE DO PIAUI ;1;1;
ALEGRIA ;1;1;1
ALEM PARAIBA;1;5;4
ALENQUER;;2;4
ALEXANDRIA;;1;1
ALEXANIA;2;5;4
ALFENAS ;11;20;6
ALFREDO CHAVES;1;4;3
ALFREDO MARCONDES ;2;3;
ALFREDO VASCONCELOS ;2;2;
ALFREDO WAGNER;3;2;1
ALHANDRA;1;2;1
ALIANCA ;1;2;1
ALIANCA DO TOCANTINS;;1;1
ALMADINA;1;1;
ALMAS ;1;1;
ALMEIRIM;3;7;4
ALMENARA;2;4;5
ALMINO AFONSO ;1;2;
ALMIRANTE TAMANDARE ;4;2;4
ALMIRANTE TAMANDARE DO SUL;3;;
ALOANDIA;1;1;
ALPERCATA ;1;1;
ALPESTRE;4;;1
ALPINOPOLIS ;1;4;3
ALTA FLORESTA ;8;5;5
ALTA FLORESTA D'OESTE ;3;3;3
ALTAIR;1;1;1
ALTAMIRA;7;28;11
ALTAMIRA DO MARANHAO;1;1;
ALTAMIRA DO PARANA;3;2;
ALTANEIRA ;1;1;
ALTEROSA;3;2;1
ALTINHO ;1;2;1
ALTINOPOLIS ;1;4;4
ALTO ALEGRE ;4;4;1
ALTO ALEGRE DO MARANHAO ;1;1;
ALTO ALEGRE DO PINDARE;;1;1
ALTO ALEGRE DOS PARECIS ;3;3;
ALTO ARAGUAIA ;2;4;2
ALTO BELA VISTA ;3;;
ALTO BOA VISTA;2;1;
ALTO CAPARAO;2;2;
ALTO DO RODRIGUES ;1;3;2
ALTO FELIZ;1;;
ALTO GARCAS ;1;2;2
ALTO HORIZONTE;2;2;
ALTO JEQUITIBA;3;2;1
ALTO LONGA;2;2;
ALTO PARAGUAI ;3;2;
ALTO PARAISO;3;4;3
ALTO PARAISO DE GOIAS ;1;1;1
ALTO PARANA ;3;2;2
ALTO PARNAIBA ;1;2;1
ALTO PIQUIRI;2;2;1
ALTO RIO DOCE ;2;1;1
ALTO RIO NOVO ;;1;1
ALTO SANTO;1;2;1
ALTO TAQUARI;1;3;3
ALTONIA ;3;3;4
ALTOS ;1;3;3
ALUMINIO;1;7;2
ALVARAES;1;1;
ALVARENGA ;1;2;
ALVARES FLORENCE;1;2;1
ALVARES MACHADO ;3;3;3
ALVARO DE CARVALHO;2;3;
ALVINLANDIA ;1;2;
ALVINOPOLIS ;2;2;2
ALVORADA;4;24;9
ALVORADA D'OESTE;4;2;1
ALVORADA DE MINAS ;1;1;
ALVORADA DO NORTE ;;2;3
ALVORADA DO SUL ;3;1;2
AMAJARI ;2;2;
AMAMBAI ;3;4;3
AMAPA ;1;2;1
AMAPA DO MARANHAO ;1;1;
AMAPORA ;1;;
AMARAJI ;2;2;
AMARAL FERRADOR ;;;1
AMARALINA ;1;1;
AMARANTE;;2;2
AMARANTE DO MARANHAO;;2;2
AMARGOSA;;3;3
AMATURA ;1;1;
AMELIA RODRIGUES;1;3;2
AMERICA DOURADA ;1;2;1
AMERICANA ;38;29;31
AMERICANO DO BRASIL ;1;1;
AMERICO BRASILIENSE ;4;5;5
AMERICO DE CAMPOS ;;;2
AMETISTA DO SUL ;1;;1
AMIZADE ;1;;
AMONTADA;;2;2
AMORINOPOLIS;1;1;
AMPARO;8;8;6
AMPARO DA SERRA ;2;2;
AMPERE;4;3;3
ANADIA;2;2;
ANAGE ;1;2;1
ANAHY ;1;;
ANAJAS;1;3;1
ANAJATUBA ;;2;1
ANALANDIA ;;1;1
ANAMA ;1;1;
ANANAS;;1;1
ANANINDEUA;11;94;18
ANAPOLIS;32;63;33
ANAPU ;;1;2
ANAPURUS;1;1;
ANASTACIO ;2;3;1
ANAURILANDIA;2;2;1
ANCHIETA;7;12;4
ANDARAI ;;1;2
ANDIRA;3;3;3
ANDORINHA ;3;2;
ANDRADAS;6;6;4
ANDRADINA ;9;5;6
ANDRE DA ROCHA;2;;
ANDRELANDIA ;2;2;1
ANGATUBA;2;4;3
ANGELANDIA;1;1;
ANGELICA;1;2;2
ANGELIM ;1;1;
ANGELINA;2;1;1
ANGICAL ;;2;2
ANGICAL DO PIAUI;1;1;
ANGICOS ;1;2;2
ANGRA DOS REIS;14;20;12
ANGUERA ;1;1;
ANGULO;2;1;
ANHANGUERA;1;;
ANHEMBI ;2;1;
ANHUMAS ;2;2;
ANICUNS ;1;4;4
ANISIO DE ABREU ;1;1;
ANITA GARIBALDI ;1;1;1
ANITAPOLIS;2;1;
ANORI ;1;1;
ANTA GORDA;2;1;1
ANTAS ;2;2;
ANTONINA;1;3;3
ANTONINA DO NORTE ;2;2;
ANTONIO CARDOSO ;1;1;
ANTONIO CARLOS;5;7;3
ANTONIO DIAS;2;1;1
ANTONIO GONCALVES ;1;1;
ANTONIO JOAO;2;3;1
ANTONIO MARTINS ;1;1;
ANTONIO OLINTO;4;1;
ANTONIO PRADO ;4;4;3
ANTONIO PRADO DE MINAS;1;1;
APARECIDA ;4;6;5
APARECIDA D'OESTE ;1;1;1
APARECIDA DE GOIANIA;23;44;22
APARECIDA DO RIO DOCE ;2;1;
APARECIDA DO RIO NEGRO;1;1;
APARECIDA DO TABOADO;1;3;3
APERIBE ;2;1;1
APIACA;;1;1
APIACAS ;4;2;
APIAI ;2;3;4
APICUM-ACU;;2;1
APIUNA;3;2;1
APODI ;;3;4
APORA ;1;1;
APORE ;1;2;1
APUAREMA;1;1;
APUCARANA ;14;10;11
APUI;2;1;1
APUIARES;1;1;
AQUIDABA;;2;2
AQUIDAUANA;2;9;5
AQUIRAZ ;3;3;3
ARABUTA ;4;2;
ARACAGI ;2;2;
ARACAI;1;;
ARACAJU ;36;163;69
ARACARIGUAMA;3;;
ARACAS;1;1;
ARACATI ;1;3;5
ARACATU ;1;1;
ARACATUBA ;29;30;31
ARACI ;;4;4
ARACOIABA ;1;2;2
ARACOIABA DA SERRA;;2;2
ARACRUZ ;8;21;6
ARACUAI ;1;4;5
ARAGARCAS ;1;1;2
ARAGOIANIA;1;1;
ARAGOMINAS;1;1;
ARAGUACEMA;1;1;
ARAGUACU;;1;3
ARAGUAIANA;1;1;
ARAGUAINA ;6;22;12
ARAGUANA;2;2;
ARAGUAPAZ ;;1;1
ARAGUARI;11;8;6
ARAGUATINS;1;3;4
ARAIOSES;;2;2
ARAL MOREIRA;3;2;1
ARAMARI ;1;1;
ARAMBARE;1;;
ARAME ;;1;1
ARAMINA ;1;1;1
ARANDU;2;2;1
ARANTINA;1;1;
ARAPEI;1;1;
ARAPIRACA ;9;17;10
ARAPOEMA;;1;1
ARAPONGA;3;1;
ARAPONGAS ;12;5;11
ARAPORA ;;1;1
ARAPOTI ;3;5;4
ARAPUA;4;2;
ARAPUTANGA;3;4;2
ARAQUARI;7;3;2
ARARA ;1;1;
ARARANGUA ;8;6;5
ARARAQUARA;31;38;28
ARARAS;14;9;12
ARARENDA;1;1;
ARARI ;1;4;1
ARARICA ;2;2;
ARARIPE ;2;2;
ARARIPINA ;;3;6
ARARUAMA;5;10;9
ARARUNA ;4;4;4
ARATACA ;1;1;
ARATIBA ;1;1;2
ARATUBA ;1;1;
ARATUIPE;1;1;
ARAUA ;2;2;
ARAUCARIA ;22;15;12
ARAUJOS ;1;4;1
ARAXA ;11;16;7
ARCEBURGO ;3;3;1
ARCOS ;2;7;4
ARCOVERDE ;3;8;6
AREADO;1;4;2
AREAL ;;2;2
AREALVA ;1;2;1
AREIA ;1;2;2
AREIA BRANCA;2;5;3
AREIAL;1;1;
AREIAS;1;1;
AREIOPOLIS;1;3;1
ARENAPOLIS;1;3;2
ARENOPOLIS;2;1;
ARES;1;1;
ARGIRITA;1;1;
ARICANDUVA;1;2;
ARINOS;3;3;2
ARIPUANA;6;2;1
ARIQUEMES ;9;7;7
ARIRANHA;;4;2
ARIRANHA DO IVAI;1;;
ARMACAO DOS BUZIOS;;3;5
ARMAZEM ;2;1;1
ARNEIROZ;1;2;
AROAZES ;1;1;
AROEIRAS;2;2;
ARRAIAL DO CABO ;;3;3
ARRAIAS ;1;3;1
ARROIO DO MEIO;3;4;3
ARROIO DO PADRE ;1;1;
ARROIO DO SAL ;1;1;1
ARROIO DO TIGRE ;1;1;2
ARROIO DOS RATOS;;2;3
ARROIO GRANDE ;2;5;4
ARROIO TRINTA ;2;2;1
ARTUR NOGUEIRA;1;6;5
ARUANA;1;1;1
ARUJA ;11;13;8
ARVOREDO;2;;
ARVOREZINHA ;3;4;3
ASCURRA ;2;1;1
ASPASIA ;1;;
ASSAI ;2;3;4
ASSARE;;1;2
ASSIS ;13;12;9
ASSIS BRASIL;1;2;1
ASSIS CHATEAUBRIAND ;6;5;4
ASSUNCAO DO PIAUI ;1;1;
ASTOLFO DUTRA ;2;4;1
ASTORGA ;2;3;4
ATALAIA ;2;4;3
ATALAIA DO NORTE;1;1;
ATALANTA;2;1;1
ATALEIA ;1;2;2
ATIBAIA ;11;14;14
ATILIO VIVACQUA ;2;2;1
AUGUSTINOPOLIS;;3;3
AUGUSTO CORREA;1;3;3
AUGUSTO DE LIMA ;2;2;
AUGUSTO PESTANA ;2;1;2
AUREA ;1;1;2
AURELINO LEAL ;1;1;
AURIFLAMA ;;3;5
AURILANDIA;;;1
AURORA;3;4;2
AURORA DO PARA;;3;2
AURORA DO TOCANTINS ;1;1;
AUTAZES ;;3;3
AVAI;1;1;
AVANHANDAVA ;1;2;2
AVARE ;7;6;7
AVEIRO;1;1;
AVELINO LOPES ;1;1;
AXIXA ;1;2;
AXIXA DO TOCANTINS;1;1;
BABACULANDIA;2;1;
BACABAL ;2;6;7
BACABEIRA ;1;1;
BACURI;2;3;
BADY BASSITT;1;1;2
BAEPENDI;4;3;1
BAGE;8;35;10
BAGRE ;1;1;
BAIA DA TRAICAO ;1;1;
BAIA FORMOSA;2;2;
BAIANOPOLIS ;1;3;1
BAIAO ;1;2;2
BAIXA GRANDE;2;2;1
BAIXA GRANDE DO RIBEIRO ;1;1;
BAIXIO;1;2;
BAIXO GUANDU;1;5;4
BALBINOS;1;1;
BALDIM;2;2;
BALIZA;1;1;
BALNEARIO ARROIO DO SILVA ;1;;
BALNEARIO BARRA DO SUL;4;5;
BALNEARIO CAMBORIU;22;20;16
BALNEARIO GAIVOTA ;2;2;
BALNEARIO PICARRAS;4;4;3
BALNEARIO PINHAL;1;2;1
BALNEARIO RINCAO;1;;
BALSA NOVA;5;2;2
BALSAMO ;1;2;1
BALSAS;1;7;9
BAMBUI;2;8;4
BANABUIU;1;2;1
BANANAL ;1;2;3
BANANEIRAS;1;4;2
BANDEIRA;2;1;
BANDEIRA DO SUL ;3;1;
BANDEIRANTE ;2;;
BANDEIRANTES;5;6;5
BANDEIRANTES DO TOCANTINS ;1;1;
BANNACH ;1;1;
BANZAE;2;2;
BARAO ;1;;1
BARAO DE ANTONINA ;2;1;
BARAO DE COCAIS ;2;6;4
BARAO DE COTEGIPE ;2;;1
BARAO DE GRAJAU ;2;2;
BARAO DE MELGACO;1;1;
BARAO DO TRIUNFO;1;;1
BARAUNA ;1;1;1
BARBACENA ;11;21;10
BARBALHA;1;3;5
BARBOSA ;;;1
BARBOSA FERRAZ;3;1;2
BARCARENA ;5;21;8
BARCELONA ;1;1;
BARCELOS;;1;2
BARIRI;1;4;5
BARRA ;;4;3
BARRA BONITA;3;3;6
BARRA DA ESTIVA ;1;2;3
BARRA DE GUABIRABA;1;1;
BARRA DE SANTA ROSA ;2;1;
BARRA DE SANTANA;1;;
BARRA DE SANTO ANTONIO;1;1;
BARRA DE SAO FRANCISCO;2;4;4
BARRA DE SAO MIGUEL ;2;3;
BARRA DO BUGRES ;2;4;3
BARRA DO CHAPEU ;;1;
BARRA DO CHOCA;3;4;2
BARRA DO CORDA;2;10;4
BARRA DO GARCAS ;2;9;8
BARRA DO GUARITA;1;1;
BARRA DO JACARE ;1;;
BARRA DO MENDES ;1;2;1
BARRA DO PIRAI;4;9;5
BARRA DO QUARAI ;1;;
BARRA DO RIBEIRO;;1;2
BARRA DO RIO AZUL ;2;;
BARRA DO ROCHA;1;1;
BARRA DO TURVO;;;1
BARRA DOS COQUEIROS ;1;4;2
BARRA FUNDA ;1;;1
BARRA LONGA ;1;;
BARRA MANSA ;6;11;10
BARRA VELHA ;5;4;3
BARRACAO;7;1;2
BARRAS;;3;3
BARREIRA;2;2;
BARREIRAS ;5;16;12
BARREIRINHA ;;1;1
BARREIRINHAS;;4;4
BARREIROS ;;3;4
BARRETOS;14;18;12
BARRINHA;1;4;4
BARRO ;1;3;1
BARRO ALTO;6;3;1
BARRO DURO;1;1;
BARRO PRETO ;1;1;
BARROCAS;4;3;
BARROLANDIA ;2;1;
BARROQUINHA ;2;2;
BARROS CASSAL ;2;2;2
BARROSO ;1;5;3
BARUERI ;68;90;64
BASTOS;2;3;5
BATAGUASSU;2;6;3
BATALHA ;1;2;3
BATATAIS;6;4;6
BATAYPORA ;2;2;1
BATURITE;1;4;4
BAURU ;45;72;52
BAYEUX;2;8;5
BEBEDOURO ;13;10;8
BEBERIBE;;2;2
BELA CRUZ ;;2;2
BELA VISTA;2;5;2
BELA VISTA DA CAROBA;2;;
BELA VISTA DE GOIAS ;2;3;3
BELA VISTA DE MINAS ;1;;1
BELA VISTA DO MARANHAO;1;1;
BELA VISTA DO PARAISO ;3;2;3
BELA VISTA DO TOLDO ;3;1;
BELAGUA ;1;1;
BELEM ;94;417;112
BELEM DE MARIA;1;1;
BELEM DE SAO FRANCISCO;1;2;1
BELEM DO BREJO DO CRUZ;1;1;
BELFORD ROXO;5;17;14
BELMONTE;1;2;2
BELO CAMPO;1;3;1
BELO HORIZONTE;296;519;373
BELO JARDIM ;1;7;6
BELO MONTE;1;1;
BELO ORIENTE;4;3;4
BELO VALE ;4;3;
BELTERRA;2;1;
BENEDITINOS ;1;1;
BENEDITO LEITE;1;1;
BENEDITO NOVO ;6;1;1
BENEVIDES ;1;8;4
BENJAMIN CONSTANT ;1;4;1
BENJAMIN CONSTANT DO SUL;2;1;
BENTO DE ABREU;1;3;
BENTO GONCALVES ;16;23;19
BEQUIMAO;;3;1
BERILO;;1;1
BERIZAL ;2;1;
BERNARDINO DE CAMPOS;1;2;2
BERNARDO SAYAO;1;1;
BERTIOGA;3;8;5
BERTOLINIA;1;1;
BERTOPOLIS;2;2;
BERURI;;1;1
BETANIA ;2;2;
BETANIA DO PIAUI;1;1;
BETIM ;42;71;19
BEZERROS;1;4;5
BIAS FORTES ;1;1;
BICAS ;2;3;3
BIGUACU ;3;7;6
BILAC ;;2;2
BIQUINHAS ;1;2;
BIRIGUI ;12;26;10
BIRITIBA-MIRIM;2;2;2
BIRITINGA ;3;2;
BITURUNA;3;2;3
BLUMENAU;87;61;50
BOA ESPERANCA ;7;10;7
BOA ESPERANCA DO IGUACU ;2;;
BOA ESPERANCA DO SUL;;2;3
BOA NOVA;1;1;
BOA SAUDE ;1;1;
BOA VENTURA ;1;1;
BOA VENTURA DE SAO ROQUE;4;1;
BOA VIAGEM;2;2;4
BOA VISTA ;10;79;24
BOA VISTA DA APARECIDA;3;;1
BOA VISTA DAS MISSOES ;2;1;
BOA VISTA DO BURICA ;3;2;2
BOA VISTA DO CADEADO;2;;
BOA VISTA DO GURUPI ;1;1;
BOA VISTA DO INCRA;1;;1
BOA VISTA DO RAMOS;1;1;
BOA VISTA DO SUL;2;;
BOA VISTA DO TUPIM;3;3;
BOCA DA MATA;;2;2
BOCA DO ACRE;1;3;3
BOCAINA ;2;4;2
BOCAINA DE MINAS;1;1;
BOCAINA DO SUL;1;1;
BOCAIUVA;3;6;5
BOCAIUVA DO SUL ;4;1;
BODOCO;;3;2
BODOQUENA ;1;2;1
BOFETE;1;1;1
BOITUVA ;6;6;7
BOM CONSELHO;1;3;5
BOM DESPACHO;6;12;5
BOM JARDIM;4;8;6
BOM JARDIM DA SERRA ;1;1;1
BOM JARDIM DE GOIAS ;;2;2
BOM JARDIM DE MINAS ;1;1;
BOM JESUS ;8;9;7
BOM JESUS DA LAPA ;2;4;5
BOM JESUS DA PENHA;1;3;1
BOM JESUS DA SERRA;1;1;
BOM JESUS DAS SELVAS;2;1;
BOM JESUS DE GOIAS;1;3;4
BOM JESUS DO AMPARO ;2;1;
BOM JESUS DO ARAGUAIA ;1;;
BOM JESUS DO GALHO;2;3;1
BOM JESUS DO ITABAPOANA ;3;4;4
BOM JESUS DO NORTE;1;1;1
BOM JESUS DO OESTE;1;;
BOM JESUS DO SUL;2;;
BOM JESUS DO TOCANTINS;1;3;2
BOM JESUS DOS PERDOES ;1;2;3
BOM LUGAR ;1;1;
BOM PRINCIPIO ;3;5;3
BOM PROGRESSO ;2;;
BOM REPOUSO ;3;2;
BOM RETIRO;3;2;1
BOM RETIRO DO SUL ;3;3;1
BOM SUCESSO ;3;6;3
BOM SUCESSO DE ITARARE;1;1;
BOM SUCESSO DO SUL;3;;
BOMBINHAS ;6;3;1
BONFIM;3;4;2
BONFIM DO PIAUI ;1;1;
BONFINOPOLIS;2;1;
BONFINOPOLIS DE MINAS ;1;2;1
BONINAL ;2;2;
BONITO;2;9;8
BONITO DE MINAS ;1;1;
BONITO DE SANTA FE;2;2;
BONOPOLIS ;1;1;
BOQUEIRAO ;2;2;
BOQUEIRAO DO LEAO ;1;;1
BOQUEIRAO DO PIAUI;1;1;
BOQUIM;3;3;3
BOQUIRA ;1;2;1
BORA;;;1
BORACEIA;;1;1
BORBA ;;4;3
BORBOREMA ;3;4;4
BORDA DA MATA ;2;6;2
BOREBI;1;;
BORRAZOPOLIS;3;2;1
BOSSOROCA ;2;1;2
BOTELHOS;2;5;2
BOTUCATU;21;21;15
BOTUMIRIM ;1;1;
BOTUPORA;1;2;1
BOTUVERA;2;1;
BOZANO;2;;
BRACO DO NORTE;4;4;3
BRACO DO TROMBUDO ;3;1;
BRAGA ;2;;
BRAGANCA;2;6;5
BRAGANCA PAULISTA ;18;15;12
BRAGANEY;4;1;
BRANQUINHA;1;1;
BRAS PIRES;1;1;
BRASIL NOVO ;2;2;1
BRASILANDIA ;2;3;1
BRASILANDIA DE MINAS;1;4;2
BRASILANDIA DO SUL;3;1;
BRASILEIA ;1;3;4
BRASILEIRA;1;1;
BRASILIA;247;607;286
BRASILIA (AGUAS CLARAS) ;3;15;6
BRASILIA (BRAZLANDIA) ;;7;5
BRASILIA (CANDANGOLANDIA) ;;;1
BRASILIA (CEILANDIA);2;16;17
BRASILIA (CRUZEIRO) ;1;6;2
BRASILIA (GAMA) ;2;14;10
BRASILIA (GUARA);5;26;19
BRASILIA (NUCLEO BANDEIRANTE) ;2;4;6
BRASILIA (PARANOA);;7;4
BRASILIA (PLANALTINA) ;2;8;7
BRASILIA (RECANTO DAS EMAS) ;;4;2
BRASILIA (RIACHO FUNDO) ;1;8;1
BRASILIA (SAMAMBAIA);2;10;7
BRASILIA (SANTA MARIA);;9;1
BRASILIA (SAO SEBASTIAO);;5;1
BRASILIA (SOBRADINHO) ;1;11;9
BRASILIA (SUDOESTE/OCTOGONAL) ;;1;2
BRASILIA (TAGUATINGA) ;14;40;30
BRASILIA DE MINAS ;;2;3
BRASNORTE ;3;2;1
BRASOPOLIS;2;4;1
BRAUNA;;2;1
BRAUNAS ;2;1;
BREJAO;1;2;
BREJETUBA ;2;3;2
BREJINHO;2;2;
BREJO ;;2;2
BREJO ALEGRE;;1;
BREJO DA MADRE DE DEUS;1;2;2
BREJO DO CRUZ ;1;2;1
BREJO DOS SANTOS;1;1;
BREJO GRANDE;1;1;
BREJO GRANDE DO ARAGUAIA;1;1;1
BREJO SANTO ;1;3;4
BREJOES ;3;2;
BREJOLANDIA ;1;1;
BREU BRANCO ;1;3;3
BREVES;;3;4
BRITANIA;;1;1
BROCHIER;1;1;1
BRODOWSKI ;2;3;4
BROTAS;1;6;4
BROTAS DE MACAUBAS;1;1;
BRUMADINHO;4;6;5
BRUMADO ;3;6;5
BRUNOPOLIS;2;;
BRUSQUE ;22;23;13
BUENO BRANDAO ;1;3;2
BUENOPOLIS;2;3;1
BUENOS AIRES;2;2;
BUERAREMA ;1;2;1
BUGRE ;1;1;
BUIQUE;1;4;3
BUJARI;1;2;1
BUJARU;1;1;1
BURI;1;3;2
BURITAMA;;3;4
BURITI;1;2;1
BURITI ALEGRE ;2;2;1
BURITI BRAVO;1;2;1
BURITI DE GOIAS ;1;1;
BURITI DO TOCANTINS ;1;1;
BURITI DOS LOPES;1;2;1
BURITICUPU;1;3;2
BURITINOPOLIS ;1;1;
BURITIRAMA;2;1;1
BURITIRANA;1;1;
BURITIS ;5;8;7
BURITIZAL ;2;1;1
BURITIZEIRO ;1;2;2
BUTIA ;2;2;3
CAAPIRANGA;1;1;
CAAPORA ;2;4;
CAARAPO ;3;4;3
CAATIBA ;;1;1
CABACEIRAS;1;1;
CABACEIRAS DO PARAGUACU ;3;1;
CABECEIRA GRANDE;1;1;
CABECEIRAS;;;1
CABECEIRAS DO PIAUI ;1;1;
CABEDELO;3;4;5
CABIXI;2;1;
CABO DE SANTO AGOSTINHO ;7;16;9
CABO FRIO ;9;23;16
CABO VERDE;2;7;1
CABRALIA PAULISTA ;1;2;1
CABREUVA;6;8;6
CABROBO ;;4;4
CACADOR ;4;6;9
CACAPAVA;12;10;7
CACAPAVA DO SUL ;3;6;5
CACAULANDIA ;1;1;1
CACEQUI ;1;2;3
CACERES ;3;9;7
CACHOEIRA ;2;5;2
CACHOEIRA ALTA;1;2;2
CACHOEIRA DA PRATA;1;1;1
CACHOEIRA DE MINAS;2;2;1
CACHOEIRA DE PAJEU;;;1
CACHOEIRA DO ARARI;1;1;1
CACHOEIRA DO PIRIA;1;1;1
CACHOEIRA DO SUL;9;24;8
CACHOEIRA DOS INDIOS;1;1;
CACHOEIRA DOURADA ;3;3;1
CACHOEIRA GRANDE;1;1;
CACHOEIRA PAULISTA;3;4;4
CACHOEIRAS DE MACACU;3;8;5
CACHOEIRINHA;13;40;13
CACHOEIRO DE ITAPEMIRIM ;18;33;13
CACIMBA DE DENTRO ;2;1;
CACIMBINHAS ;2;2;
CACIQUE DOBLE ;2;;1
CACOAL;8;6;6
CACONDE ;4;6;3
CACU;1;3;3
CACULE;1;3;3
CAEM;1;1;
CAETANOPOLIS;2;4;
CAETANOS;1;1;
CAETE ;1;3;5
CAETES;;2;1
CAETITE ;1;4;3
CAFARNAUM ;1;2;1
CAFEARA ;2;1;
CAFELANDIA;6;6;6
CAFEZAL DO SUL;2;1;
CAIABU;1;1;1
CAIANA;2;2;
CAIAPONIA ;2;3;3
CAIBATE ;2;2;2
CAIBI ;3;1;1
CAICARA ;4;2;1
CAICO ;2;7;5
CAIEIRAS;6;11;7
CAIRU ;1;2;
CAIUA ;;;1
CAJAMAR ;15;14;9
CAJAPIO ;1;1;
CAJARI;1;2;
CAJATI;2;3;4
CAJAZEIRAS;3;6;6
CAJOBI;2;3;1
CAJUEIRO;2;2;
CAJUEIRO DA PRAIA ;1;1;
CAJURI;1;1;
CAJURU;1;4;4
CALCADO ;1;1;
CALCOENE;3;1;
CALDAS;2;6;2
CALDAS BRANDAO;1;1;
CALDAS NOVAS;2;11;7
CALDEIRAO GRANDE;1;1;
CALIFORNIA;2;1;1
CALMON;1;;
CALUMBI ;1;1;
CAMACAN ;;3;4
CAMACARI;30;27;14
CAMACHO ;2;3;
CAMALAU ;1;1;
CAMAMU;;3;3
CAMANDUCAIA ;1;5;5
CAMAPUA ;1;2;2
CAMAQUA ;9;10;6
CAMARAGIBE;4;3;6
CAMARGO ;3;1;
CAMBARA ;3;3;4
CAMBARA DO SUL;1;;1
CAMBE ;10;10;7
CAMBIRA ;1;;1
CAMBORIU;4;3;4
CAMBUCI ;2;1;2
CAMBUI;2;4;5
CAMBUQUIRA;3;3;1
CAMETA;;6;6
CAMOCIM ;1;2;3
CAMOCIM DE SAO FELIX;1;2;1
CAMPANARIO;;;1
CAMPANHA;2;5;3
CAMPESTRE ;2;7;4
CAMPESTRE DA SERRA;1;;1
CAMPESTRE DE GOIAS;1;1;
CAMPESTRE DO MARANHAO ;;1;1
CAMPINA DA LAGOA;3;1;2
CAMPINA DAS MISSOES ;2;;1
CAMPINA DO MONTE ALEGRE ;1;2;
CAMPINA GRANDE;30;35;22
CAMPINA GRANDE DO SUL ;4;5;3
CAMPINA VERDE ;2;6;3
CAMPINACU ;1;1;
CAMPINAPOLIS;1;1;2
CAMPINAS;156;162;213
CAMPINAS DO PIAUI ;1;1;
CAMPINAS DO SUL ;3;2;3
CAMPINORTE;1;3;3
CAMPO ALEGRE;3;6;4
CAMPO ALEGRE DE GOIAS ;1;1;1
CAMPO ALEGRE DE LOURDES ;1;2;1
CAMPO BELO;4;6;5
CAMPO BELO DO SUL ;2;2;1
CAMPO BOM ;5;18;6
CAMPO BONITO;2;;
CAMPO DO BRITO;1;3;2
CAMPO DO MEIO ;3;4;
CAMPO DO TENENTE;1;1;
CAMPO ERE ;4;2;2
CAMPO FLORIDO ;2;1;1
CAMPO FORMOSO ;1;3;4
CAMPO GRANDE;86;158;93
CAMPO GRANDE DO PIAUI ;;1;
CAMPO LARGO ;12;14;6
CAMPO LIMPO DE GOIAS;2;1;
CAMPO LIMPO PAULISTA;5;12;6
CAMPO MAGRO ;2;3;1
CAMPO MAIOR ;1;4;4
CAMPO MOURAO;14;14;10
CAMPO NOVO;3;2;2
CAMPO NOVO DE RONDONIA;4;2;
CAMPO NOVO DO PARECIS ;5;4;4
CAMPO REDONDO ;1;1;
CAMPO VERDE ;4;4;3
CAMPOS ALTOS;;4;3
CAMPOS BELOS;;3;4
CAMPOS BORGES ;2;;
CAMPOS DE JULIO ;4;3;1
CAMPOS DO JORDAO;7;6;6
CAMPOS DOS GOYTACAZES ;24;51;31
CAMPOS GERAIS ;3;8;3
CAMPOS LINDOS ;1;1;
CAMPOS NOVOS;6;6;3
CAMPOS NOVOS PAULISTA ;3;2;
CAMPOS SALES;1;2;3
CAMPOS VERDES ;;1;1
CAMUTANGA ;1;1;
CANA VERDE;2;2;
CANAA ;1;1;
CANAA DOS CARAJAS ;2;7;6
CANABRAVA DO NORTE;1;1;
CANANEIA;1;1;2
CANAPI;2;1;
CANAPOLIS ;3;4;1
CANARANA;5;5;3
CANAS ;1;1;
CANAVIEIRAS ;1;4;3
CANDEAL ;1;1;
CANDEIAS;5;13;6
CANDEIAS DO JAMARI;3;2;2
CANDELARIA;1;5;4
CANDIBA ;1;2;1
CANDIDO DE ABREU;5;2;2
CANDIDO GODOI ;2;1;2
CANDIDO MENDES;;1;1
CANDIDO MOTA;2;5;4
CANDIDO RODRIGUES ;;1;2
CANDIDO SALES ;;3;2
CANDIOTA;3;5;2
CANDOI;4;2;2
CANELA;4;8;5
CANELINHA ;3;4;
CANGUARETAMA;1;2;2
CANGUCU ;3;8;5
CANHOBA ;;;1
CANHOTINHO;1;2;1
CANINDE ;;4;4
CANINDE DE SAO FRANCISCO;;3;4
CANITAR ;1;1;
CANOAS;29;103;39
CANOINHAS ;8;6;4
CANSANCAO ;2;3;2
CANTA ;1;3;
CANTAGALO ;8;6;6
CANTANHEDE;1;1;1
CANTO DO BURITI ;;3;3
CANUDOS ;3;2;
CANUDOS DO VALE ;1;1;
CANUTAMA;;1;1
CAPANEMA;5;13;9
CAPAO ALTO;1;;
CAPAO BONITO;5;4;4
CAPAO BONITO DO SUL ;1;;
CAPAO DA CANOA;2;24;6
CAPAO DO CIPO ;3;1;
CAPAO DO LEAO ;4;4;2
CAPARAO ;3;4;
CAPELA;1;5;5
CAPELA DE SANTANA ;1;;1
CAPELA DO ALTO;1;1;1
CAPELA DO ALTO ALEGRE ;3;2;
CAPELA NOVA ;1;1;
CAPELINHA ;;8;4
CAPETINGA ;2;1;1
CAPIM ;1;1;
CAPIM BRANCO;2;2;
CAPIM GROSSO;1;4;3
CAPINOPOLIS ;2;2;2
CAPINZAL;5;3;2
CAPINZAL DO NORTE ;1;1;
CAPISTRANO;2;2;
CAPITAO ;1;;
CAPITAO ANDRADE ;2;2;
CAPITAO DE CAMPOS ;1;1;
CAPITAO ENEAS ;3;5;
CAPITAO LEONIDAS MARQUES;3;3;4
CAPITAO POCO;1;5;4
CAPITOLIO ;3;4;
CAPIVARI;6;6;5
CAPIVARI DE BAIXO ;1;2;2
CAPIVARI DO SUL ;1;2;2
CAPIXABA;2;3;
CAPOEIRAS ;1;2;1
CAPUTIRA;2;3;
CARAA ;;;1
CARACARAI ;1;5;3
CARACOL ;2;3;
CARAGUATATUBA ;10;10;7
CARAI ;3;3;
CARAIBAS;1;1;
CARAMBEI;3;4;3
CARANDAI;2;4;4
CARANGOLA ;3;8;4
CARAPEBUS ;2;5;1
CARAPICUIBA ;10;28;11
CARATINGA ;1;13;6
CARAUARI;;2;3
CARAUBAS;1;3;2
CARAUBAS DO PIAUI ;1;1;
CARAVELAS ;1;3;1
CARAZINHO ;8;18;7
CARBONITA ;;1;1
CARDEAL DA SILVA;1;1;
CARDOSO ;;2;2
CARDOSO MOREIRA ;2;3;1
CAREACU ;;1;1
CAREIRO ;;2;2
CAREIRO DA VARZEA ;1;1;
CARIACICA ;19;76;16
CARIDADE;;1;1
CARIDADE DO PIAUI ;1;1;
CARINHANHA;1;3;2
CARIRA;1;3;4
CARIRE;1;1;
CARIRI DO TOCANTINS ;1;1;
CARIRIACU ;1;2;1
CARIUS;2;2;
CARLINDA;3;2;
CARLOPOLIS;4;2;2
CARLOS BARBOSA;7;8;3
CARLOS CHAGAS ;;7;3
CARLOS GOMES;2;;
CARMESIA;1;1;
CARMO ;;2;3
CARMO DA CACHOEIRA;3;3;1
CARMO DA MATA ;2;4;1
CARMO DE MINAS;3;2;
CARMO DO CAJURU ;5;7;1
CARMO DO PARANAIBA;3;6;4
CARMO DO RIO CLARO;1;6;3
CARMO DO RIO VERDE;1;2;2
CARMOPOLIS;2;3;2
CARMOPOLIS DE MINAS ;;4;2
CARNAIBA;3;2;
CARNAUBA DOS DANTAS ;1;1;
CARNAUBAIS;1;1;
CARNAUBAL ;2;2;
CARNAUBEIRA DA PENHA;1;1;
CARNEIRINHO ;2;4;1
CAROEBE ;1;1;
CAROLINA;1;4;3
CARPINA ;5;6;6
CARRANCAS ;2;1;
CARUARU ;12;20;18
CARUTAPERA;;2;2
CARVALHOPOLIS ;2;1;
CARVALHOS ;2;1;
CASA BRANCA ;5;3;4
CASA NOVA ;;3;4
CASCA ;2;2;3
CASCALHO RICO ;1;;
CASCAVEL;54;38;38
CASEARA ;1;1;
CASEIROS;3;;
CASIMIRO DE ABREU ;1;2;4
CASINHAS;1;1;
CASSERENGUE ;1;1;
CASSIA;3;2;2
CASSIA DOS COQUEIROS;1;1;
CASSILANDIA ;3;4;4
CASTANHAL ;6;46;11
CASTANHEIRA ;3;1;
CASTANHEIRAS;1;;
CASTELANDIA ;;1;1
CASTELO ;2;7;4
CASTELO DO PIAUI;;2;1
CASTILHO;1;4;3
CASTRO;9;6;5
CASTRO ALVES;1;3;2
CATAGUASES;2;10;5
CATALAO ;12;10;9
CATANDUVA ;14;23;13
CATANDUVAS;7;4;3
CATARINA;1;2;1
CATAS ALTAS ;2;2;
CATENDE ;;3;3
CATIGUA ;1;1;1
CATOLANDIA;1;1;
CATOLE DO ROCHA ;2;4;4
CATU;1;5;5
CATUIPE ;1;1;2
CATUJI;2;1;
CATUNDA ;2;2;
CATURAI ;1;1;
CATURAMA;1;2;
CATURITE;1;;
CATUTI;1;1;
CAUCAIA ;;9;9
CAVALCANTE;;1;1
CAXAMBU ;3;5;5
CAXAMBU DO SUL;3;2;1
CAXIAS;3;8;7
CAXIAS DO SUL ;68;154;69
CEARA-MIRIM ;;3;4
CEDRAL;2;3;2
CEDRO ;3;3;1
CEDRO DE SAO JOAO ;1;2;
CEDRO DO ABAETE ;1;1;
CELSO RAMOS ;2;1;
CENTENARIO;3;1;1
CENTENARIO DO SUL ;3;2;2
CENTRAL ;2;2;
CENTRAL DE MINAS;2;2;
CENTRAL DO MARANHAO ;1;1;
CENTRALINA;1;2;1
CENTRO DO GUILHERME ;1;1;
CENTRO NOVO DO MARANHAO ;1;1;
CEREJEIRAS;2;3;4
CERES ;3;3;4
CERQUEIRA CESAR ;1;4;4
CERQUILHO ;6;5;5
CERRITO ;1;1;1
CERRO AZUL;3;3;1
CERRO BRANCO;1;;1
CERRO GRANDE;2;;
CERRO GRANDE DO SUL ;1;3;1
CERRO LARGO ;3;3;4
CERRO NEGRO ;2;;
CERRO-CORA;1;1;
CESARIO LANGE ;2;3;3
CEU AZUL;3;2;2
CEZARINA;;;1
CHA DE ALEGRIA;1;1;
CHA GRANDE;1;2;1
CHA PRETA ;1;1;
CHALE ;2;3;
CHAPADA ;2;1;2
CHAPADA DO NORTE;1;1;1
CHAPADA DOS GUIMARAES ;2;3;2
CHAPADA GAUCHA;1;2;1
CHAPADAO DO CEU ;3;2;2
CHAPADAO DO LAGEADO ;3;;
CHAPADAO DO SUL ;4;3;4
CHAPADINHA;1;6;4
CHAPECO ;43;34;24
CHARQUEADA;2;3;3
CHARQUEADAS ;2;12;4
CHARRUA ;2;;
CHAVAL;2;2;
CHAVANTES ;2;5;4
CHAVES;1;1;
CHIADOR ;1;1;
CHIAPETTA ;2;;1
CHOPINZINHO ;3;5;4
CHORO ;1;2;
CHOROZINHO;1;1;
CHORROCHO ;;1;1
CHUI;2;2;2
CHUPINGUAIA ;3;2;1
CHUVISCA;2;1;
CIANORTE;9;9;6
CICERO DANTAS ;;3;4
CIDADE GAUCHA ;3;3;3
CIDADE OCIDENTAL;1;2;2
CIDELANDIA;2;1;
CIDREIRA;1;3;1
CIPO;1;2;1
CIPOTANEA ;1;1;
CIRIACO ;1;;1
CLARAVAL;1;;
CLARO DOS POCOES;1;1;
CLAUDIA ;1;2;2
CLAUDIO ;3;2;3
CLEMENTINA;1;2;1
CLEVELANDIA ;4;2;3
COARACI ;;3;3
COARI ;1;7;4
COCAL ;1;3;2
COCAL DO SUL;2;4;3
COCALINHO ;2;1;
COCALZINHO DE GOIAS ;3;2;2
COCOS ;1;1;1
CODAJAS ;1;1;1
CODO;3;7;4
COELHO NETO ;;3;2
COIMBRA ;;1;1
COITE DO NOIA ;2;2;
COLARES ;1;2;
COLATINA;9;9;10
COLIDER ;4;5;3
COLINA;3;5;4
COLINAS ;3;5;3
COLINAS DO SUL;1;1;
COLINAS DO TOCANTINS;1;4;4
COLMEIA ;;2;2
COLNIZA ;4;2;
COLOMBIA;;1;1
COLOMBO ;7;14;11
COLONIA DO GURGUEIA ;1;2;
COLONIA LEOPOLDINA;2;2;
COLORADO;4;4;6
COLORADO DO OESTE ;3;3;3
COLUNA;1;1;1
COMBINADO ;1;1;
COMENDADOR GOMES;1;1;
COMENDADOR LEVY GASPARIAN ;;2;1
COMERCINHO;2;2;
COMODORO;3;3;2
CONCEICAO ;;2;2
CONCEICAO DA APARECIDA;2;3;1
CONCEICAO DA BARRA;4;6;3
CONCEICAO DA BARRA DE MINAS ;2;2;
CONCEICAO DA FEIRA;2;2;
CONCEICAO DAS ALAGOAS ;1;3;4
CONCEICAO DAS PEDRAS;1;1;
CONCEICAO DE IPANEMA;1;1;
CONCEICAO DE MACABU ;;3;3
CONCEICAO DO ALMEIDA;1;2;1
CONCEICAO DO ARAGUAIA ;1;3;5
CONCEICAO DO CANINDE;1;1;
CONCEICAO DO CASTELO;2;3;2
CONCEICAO DO COITE;4;3;4
CONCEICAO DO JACUIPE;;4;3
CONCEICAO DO LAGO-ACU ;1;1;
CONCEICAO DO MATO DENTRO;2;2;2
CONCEICAO DO PARA ;1;;1
CONCEICAO DO RIO VERDE;1;3;2
CONCEICAO DO TOCANTINS;1;1;
CONCEICAO DOS OUROS ;1;2;1
CONCHAL ;4;5;4
CONCHAS ;3;5;3
CONCORDIA ;16;7;8
CONCORDIA DO PARA ;1;5;1
CONDADO ;3;3;
CONDE ;3;3;1
CONDEUBA;;2;2
CONDOR;1;1;2
CONEGO MARINHO;1;1;
CONFINS ;3;2;1
CONFRESA;2;3;2
CONGO ;1;1;
CONGONHAL ;2;2;1
CONGONHAS ;6;7;5
CONGONHAS DO NORTE;1;1;
CONGONHINHAS;2;1;1
CONQUISTA ;1;1;2
CONQUISTA D'OESTE ;1;1;
CONSELHEIRO LAFAIETE;9;13;8
CONSELHEIRO MAIRINCK;2;1;
CONSELHEIRO PENA;3;6;2
CONSTANTINA ;1;2;3
CONTAGEM;61;95;44
CONTENDA;4;5;2
CONTENDAS DO SINCORA;1;1;
COQUEIRAL ;1;2;1
COQUEIRO BAIXO;1;;
COQUEIRO SECO ;2;2;
COQUEIROS DO SUL;3;;
CORACAO DE JESUS;2;4;1
CORACAO DE MARIA;1;2;1
CORBELIA;2;4;4
CORDEIRO;;3;4
CORDEIROPOLIS ;4;5;4
CORDEIROS ;1;2;
CORDILHEIRA ALTA;3;1;
CORDISBURGO ;2;2;
CORDISLANDIA;1;1;
COREAU;2;3;
COREMAS ;2;2;
CORGUINHO ;2;1;
CORIBE;;1;1
CORINTO ;1;4;4
CORNELIO PROCOPIO ;6;4;6
COROACI ;1;2;1
COROADOS;1;3;1
COROATA ;2;2;3
COROMANDEL;3;5;4
CORONEL BARROS;2;;
CORONEL BICACO;1;1;2
CORONEL DOMINGOS SOARES ;1;;
CORONEL EZEQUIEL;1;1;
CORONEL FABRICIANO;10;9;8
CORONEL FREITAS ;3;3;1
CORONEL JOAO PESSOA ;1;1;
CORONEL JOAO SA ;2;2;
CORONEL MACEDO;2;1;
CORONEL MARTINS ;1;;
CORONEL PACHECO ;1;2;
CORONEL PILAR ;2;;
CORONEL SAPUCAIA;2;1;
CORONEL VIVIDA;6;3;3
CORONEL XAVIER CHAVES ;2;2;
CORREGO DANTA ;2;1;
CORREGO DO OURO ;1;1;
CORREGO FUNDO ;2;1;
CORREIA PINTO ;3;3;2
CORRENTE;;3;4
CORRENTES ;2;2;
CORRENTINA;1;3;4
CORTES;1;2;
CORUMBA ;6;9;6
CORUMBA DE GOIAS;1;3;3
CORUMBAIBA;2;3;3
CORUMBATAI;1;2;1
CORUMBATAI DO SUL ;1;;
CORUMBIARA;3;2;
CORUPA;4;3;2
CORURIPE;1;8;4
COSMOPOLIS;3;3;5
COSMORAMA ;;2;2
COSTA MARQUES ;3;2;1
COSTA RICA;1;3;2
COTEGIPE;1;1;
COTIA ;24;28;20
COTIPORA;1;;1
COTRIGUACU;5;2;
COUTO DE MAGALHAES;1;1;
COXILHA ;2;;
COXIM ;3;5;3
CRAIBAS ;1;2;1
CRATEUS ;1;3;5
CRATO ;5;6;7
CRAVINHOS ;2;4;5
CRAVOLANDIA ;1;2;
CRICIUMA;39;34;26
CRISOLITA ;1;1;
CRISOPOLIS;1;2;1
CRISSIUMAL;3;2;3
CRISTAIS;2;4;1
CRISTAIS PAULISTA ;3;1;1
CRISTAL ;4;2;1
CRISTAL DO SUL;1;1;
CRISTALANDIA;2;1;
CRISTALANDIA DO PIAUI ;1;1;
CRISTALIA ;1;1;
CRISTALINA;5;6;4
CRISTIANO OTONI ;2;2;
CRISTIANOPOLIS;2;1;
CRISTINA;2;4;1
CRISTINAPOLIS ;2;1;1
CRISTINO CASTRO ;2;2;
CRISTOPOLIS ;1;1;
CRIXAS;1;3;4
CRIXAS DO TOCANTINS ;1;1;
CROATA;2;2;
CROMINIA;2;1;
CRUCILANDIA ;1;1;
CRUZ;2;2;
CRUZ ALTA ;10;19;8
CRUZ DAS ALMAS;1;4;5
CRUZ DO ESPIRITO SANTO;1;1;
CRUZ MACHADO;3;2;3
CRUZALIA;;;1
CRUZALTENSE ;3;;
CRUZEIRO;7;7;6
CRUZEIRO DA FORTALEZA ;1;;1
CRUZEIRO DO IGUACU;3;1;
CRUZEIRO DO OESTE ;2;3;4
CRUZEIRO DO SUL ;5;21;8
CRUZETA ;1;2;
CRUZILIA;1;3;4
CRUZMALTINA ;2;1;
CUBATAO ;19;15;9
CUBATI;1;1;
CUIABA;59;84;72
CUITE ;;2;2
CUITE DE MAMANGUAPE ;1;1;
CUITEGI ;1;1;
CUJUBIM ;2;3;1
CUMARI;1;1;
CUMARU;2;2;
CUMARU DO NORTE ;1;1;1
CUNHA ;3;3;3
CUNHA PORA;4;4;2
CUNHATAI;3;;
CUPARAQUE ;2;2;
CUPIRA;1;1;1
CURACA;1;2;1
CURIMATA;1;2;1
CURIONOPOLIS;;3;3
CURITIBA;259;353;347
CURITIBANOS ;3;6;5
CURIUVA ;4;4;
CURRAIS NOVOS ;1;3;4
CURRAL DE CIMA;1;1;
CURRAL DE DENTRO;1;1;
CURRALINHO;1;1;1
CURUA ;1;1;1
CURUCA;1;3;2
CURURUPU;;4;2
CURVELANDIA ;2;1;
CURVELO ;7;10;5
CUSTODIA;1;3;2
CUTIAS;1;1;
DAMIANOPOLIS;1;1;
DARCINOPOLIS;1;1;
DARIO MEIRA ;;1;1
DATAS ;;;1
DAVID CANABARRO ;1;1;2
DAVINOPOLIS ;3;4;
DELFIM MOREIRA;1;1;1
DELFINOPOLIS;1;;
DELMIRO GOUVEIA ;;4;4
DELTA ;2;1;
DEMERVAL LOBAO;2;2;
DENISE;2;2;1
DEODAPOLIS;1;2;2
DEPUTADO IRAPUAN PINHEIRO ;1;1;
DERRUBADAS;2;;1
DESCALVADO;1;3;5
DESCANSO;4;2;1
DESCOBERTO;2;2;
DESTERRO;1;1;
DESTERRO DE ENTRE RIOS;1;1;1
DESTERRO DO MELO;1;1;
DEZESSEIS DE NOVEMBRO ;3;;
DIADEMA ;38;45;37
DIAMANTE;1;1;
DIAMANTE D'OESTE;3;1;
DIAMANTE DO NORTE ;2;1;1
DIAMANTE DO SUL ;2;1;
DIAMANTINA;4;12;6
DIAMANTINO;3;3;3
DIANOPOLIS;2;3;3
DIAS D'AVILA;2;11;5
DILERMANDO DE AGUIAR;;;1
DIONISIO;1;;
DIONISIO CERQUEIRA;2;4;2
DIRCE REIS;1;;
DIRCEU ARCOVERDE;1;1;
DIVINESIA ;1;1;
DIVINO;3;4;3
DIVINO DAS LARANJEIRAS;2;3;
DIVINO DE SAO LOURENCO;1;1;1
DIVINOLANDIA;3;3;2
DIVINOLANDIA DE MINAS ;2;2;
DIVINOPOLIS ;26;26;17
DIVINOPOLIS DE GOIAS;1;1;
DIVINOPOLIS DO TOCANTINS;2;1;
DIVISA ALEGRE ;1;1;
DIVISA NOVA ;2;3;
DIVISOPOLIS ;;1;1
DOBRADA ;2;1;
DOIS CORREGOS ;1;4;4
DOIS IRMAOS ;2;8;6
DOIS IRMAOS DAS MISSOES ;2;;
DOIS IRMAOS DO BURITI ;1;2;1
DOIS IRMAOS DO TOCANTINS;2;1;
DOIS LAJEADOS ;1;2;2
DOIS RIACHOS;2;2;
DOIS VIZINHOS ;10;5;5
DOLCINOPOLIS;;;1
DOM AQUINO;2;2;1
DOM BASILIO ;1;2;1
DOM BOSCO ;2;2;
DOM CAVATI;2;1;1
DOM ELISEU;3;4;5
DOM EXPEDITO LOPES;1;1;
DOM FELICIANO ;3;2;2
DOM INOCENCIO ;1;1;
DOM JOAQUIM ;2;1;
DOM MACEDO COSTA;1;1;
DOM PEDRITO ;3;6;6
DOM PEDRO ;;4;2
DOM PEDRO DE ALCANTARA;1;;
DOM SILVERIO;1;2;1
DOMINGOS MARTINS;6;7;4
DONA EMMA ;3;1;
DONA EUZEBIA;2;4;1
DONA FRANCISCA;1;;1
DONA INES ;1;1;
DORES DE CAMPOS ;2;5;
DORES DE GUANHAES ;1;1;
DORES DO INDAIA ;;5;3
DORES DO RIO PRETO;2;1;1
DORES DO TURVO;1;1;
DORESOPOLIS ;2;;
DORMENTES ;2;2;
DOURADINA ;4;4;3
DOURADO ;1;1;1
DOURADOQUARA;2;1;
DOURADOS;21;31;20
DOUTOR CAMARGO;2;1;1
DOUTOR MAURICIO CARDOSO ;1;1;3
DOUTOR PEDRINHO ;3;1;
DOUTOR RICARDO;2;;
DOUTOR SEVERIANO;1;1;
DOUTOR ULYSSES;1;1;
DOVERLANDIA ;;1;1
DRACENA ;4;6;6
DUARTINA;1;3;3
DUAS BARRAS ;;2;2
DUAS ESTRADAS ;1;1;
DUERE ;1;1;
DUMONT;3;2;
DUQUE BACELAR ;;1;1
DUQUE DE CAXIAS ;38;54;41
DURANDE ;2;4;
ECHAPORA;2;2;1
ECOPORANGA;1;3;3
EDEALINA;2;1;
EDEIA ;2;2;2
EIRUNEPE;;2;2
ELDORADO;3;4;3
ELDORADO DO SUL ;3;15;3
ELDORADO DOS CARAJAS;1;2;2
ELESBAO VELOSO;1;1;1
ELIAS FAUSTO;4;4;2
ELISEU MARTINS;1;1;
ELISIARIO ;1;1;
ELISIO MEDRADO;1;1;
ELOI MENDES ;2;4;4
EMBAUBA ;;;1
EMBU DAS ARTES;9;24;12
EMBU-GUACU;4;11;6
EMILIANOPOLIS ;1;1;
ENCANTADO ;3;4;5
ENCANTO ;1;1;
ENCRUZILHADA;1;2;1
ENCRUZILHADA DO SUL ;2;4;3
ENEAS MARQUES ;3;;1
ENGENHEIRO BELTRAO;3;3;4
ENGENHEIRO CALDAS ;1;2;1
ENGENHEIRO COELHO ;5;3;2
ENGENHEIRO NAVARRO;1;;
ENGENHEIRO PAULO DE FRONTIN ;2;3;2
ENGENHO VELHO ;2;1;
ENTRE FOLHAS;;;1
ENTRE IJUIS ;1;1;2
ENTRE RIOS;4;3;3
ENTRE RIOS DE MINAS ;1;3;2
ENTRE RIOS DO OESTE ;1;1;1
ENTRE RIOS DO SUL ;1;;1
ENVIRA;;1;1
EPITACIOLANDIA;;2;1
EQUADOR ;1;1;
EREBANGO;2;;1
ERECHIM ;21;22;13
ERERE ;1;1;
ERICO CARDOSO ;1;1;
ERNESTINA ;2;;1
ERVAL GRANDE;2;;1
ERVAL SECO;1;1;2
ERVAL VELHO ;2;1;
ERVALIA ;3;3;1
ESCADA;;6;5
ESMERALDA ;1;1;2
ESMERALDAS;;6;3
ESPERA FELIZ;2;7;3
ESPERANCA ;2;4;3
ESPERANCA DO SUL;3;;
ESPERANCA NOVA;1;;
ESPERANTINA ;2;4;4
ESPERANTINOPOLIS;1;4;1
ESPIGAO ALTO DO IGUACU;2;1;
ESPIGAO D'OESTE ;2;3;2
ESPINOSA;2;3;3
ESPIRITO SANTO;1;1;
ESPIRITO SANTO DO DOURADO ;2;1;
ESPIRITO SANTO DO PINHAL;5;6;6
ESPIRITO SANTO DO TURVO ;;1;1
ESPLANADA ;;5;3
ESPUMOSO;5;2;3
ESTACAO ;3;1;1
ESTANCIA;2;8;6
ESTANCIA VELHA;3;7;5
ESTEIO;9;19;7
ESTIVA;1;2;2
ESTIVA GERBI;4;3;1
ESTREITO;;3;4
ESTRELA ;4;8;4
ESTRELA D'OESTE ;1;2;4
ESTRELA DE ALAGOAS;2;2;
ESTRELA DO INDAIA ;1;;
ESTRELA DO NORTE;2;3;
ESTRELA DO SUL;2;2;1
ESTRELA VELHA ;1;1;1
EUCLIDES DA CUNHA ;2;3;4
EUCLIDES DA CUNHA PAULISTA;1;2;1
EUGENIO DE CASTRO ;1;;1
EUGENOPOLIS ;3;4;1
EUNAPOLIS ;7;9;7
EUSEBIO ;1;5;5
EXTREMA ;9;8;5
EXTREMOZ;2;3;1
EXU ;1;2;1
FAGUNDES;1;1;
FAGUNDES VARELA ;3;1;
FAINA ;2;1;
FARIAS BRITO;2;2;
FARO;1;1;1
FAROL ;1;;
FARROUPILHA ;12;27;8
FARTURA ;4;3;3
FATIMA;3;2;
FATIMA DO SUL ;1;6;3
FAXINAL ;3;4;4
FAXINAL DO SOTURNO;3;3;3
FAXINAL DOS GUEDES;4;4;2
FAXINALZINHO;3;;
FAZENDA NOVA;;1;1
FAZENDA RIO GRANDE;6;5;6
FAZENDA VILANOVA;1;;1
FEIJO ;1;3;3
FEIRA DA MATA ;1;1;
FEIRA DE SANTANA;27;56;32
FEIRA GRANDE;2;2;
FEIRA NOVA;3;4;
FEIRA NOVA DO MARANHAO;1;1;
FELICIO DOS SANTOS;1;1;
FELIPE GUERRA ;1;1;
FELISBURGO;2;1;1
FELIXLANDIA ;2;1;
FELIZ ;2;6;3
FELIZ DESERTO ;1;1;
FELIZ NATAL ;3;2;1
FENIX ;1;;1
FERNANDES PINHEIRO;2;1;
FERNANDES TOURINHO;1;1;
FERNANDO DE NORONHA ;;1;2
FERNANDO PRESTES;1;2;1
FERNANDOPOLIS ;10;7;7
FERRAZ DE VASCONCELOS ;4;6;8
FERREIRA GOMES;1;;
FERREIROS ;1;1;
FERROS;2;3;1
FERVEDOURO;3;2;
FIGUEIRA;1;1;1
FIGUEIRAO ;2;1;
FIGUEIROPOLIS ;1;1;
FIGUEIROPOLIS D'OESTE ;2;1;
FILADELFIA;3;4;1
FIRMINO ALVES ;1;1;
FIRMINOPOLIS;1;3;3
FLEXEIRAS ;1;2;
FLOR DA SERRA DO SUL;2;1;
FLOR DO SERTAO;2;;
FLORAI;3;;
FLORANIA;1;1;
FLOREAL ;1;1;
FLORES;2;2;1
FLORES DA CUNHA ;5;7;5
FLORES DE GOIAS ;1;2;
FLORES DO PIAUI ;1;1;
FLORESTA;2;3;3
FLORESTA AZUL ;;1;1
FLORESTA DO ARAGUAIA;2;1;1
FLORESTAL ;3;3;
FLORESTOPOLIS ;1;1;
FLORIANO;2;8;4
FLORIANO PEIXOTO;2;1;
FLORIANOPOLIS ;101;133;90
FLORIDA PAULISTA;;2;2
FLORINEA;;;1
FONTE BOA ;1;2;1
FONTOURA XAVIER ;3;2;2
FORMIGA ;7;11;5
FORMIGUEIRO ;2;1;1
FORMOSA ;5;8;7
FORMOSA DA SERRA NEGRA;1;1;1
FORMOSA DO OESTE;2;1;2
FORMOSA DO RIO PRETO;;3;3
FORMOSA DO SUL;2;;
FORMOSO ;3;4;1
FORMOSO DO ARAGUAIA ;;2;2
FORQUETINHA ;2;;
FORQUILHA ;1;2;1
FORQUILHINHA;3;3;3
FORTALEZA ;95;226;182
FORTALEZA DE MINAS;1;2;1
FORTALEZA DO TABOCAO;1;1;
FORTALEZA DOS NOGUEIRAS ;;2;2
FORTALEZA DOS VALOS ;1;1;2
FORTIM;2;2;
FORTUNA ;;2;1
FORTUNA DE MINAS;1;2;
FOZ DO IGUACU ;35;60;21
FOZ DO JORDAO ;1;;
FRAIBURGO ;5;4;4
FRANCA;36;29;32
FRANCINOPOLIS ;1;1;
FRANCISCO ALVES ;3;1;
FRANCISCO BADARO;1;1;
FRANCISCO BELTRAO ;24;9;6
FRANCISCO DUMONT;1;;
FRANCISCO MORATO;3;9;6
FRANCISCO SA;2;7;3
FRANCISCO SANTOS;1;1;
FRANCISCOPOLIS;1;1;
FRANCO DA ROCHA ;5;11;7
FRECHEIRINHA;;1;2
FREDERICO WESTPHALEN;4;6;4
FREI GASPAR ;1;1;
FREI INOCENCIO;2;3;
FREI MIGUELINHO ;1;1;
FREI PAULO;;1;3
FREI ROGERIO;1;1;
FRONTEIRA ;2;2;1
FRONTEIRA DOS VALES ;1;1;
FRONTEIRAS;;1;1
FRUTA DE LEITE;1;1;
FRUTAL;5;9;5
FUNDAO;1;6;2
FUNILANDIA;;1;
GABRIEL MONTEIRO;;;1
GALIA ;1;1;2
GALILEIA;2;2;
GALVAO;3;1;1
GAMELEIRA ;1;3;1
GAMELEIRA DE GOIAS;1;;
GAMELEIRAS;1;1;
GANDU ;;3;3
GARANHUNS ;7;15;9
GARARU;1;1;1
GARCA ;3;4;6
GARIBALDI ;5;9;6
GAROPABA;4;6;4
GARRAFAO DO NORTE ;1;2;2
GARRUCHOS ;1;;1
GARUVA;4;3;1
GASPAR;14;6;5
GASTAO VIDIGAL;;;1
GAUCHA DO NORTE ;3;2;1
GAURAMA ;2;1;2
GAVIAO;1;;
GAVIAO PEIXOTO;5;4;
GENERAL CAMARA;2;1;1
GENERAL CARNEIRO;5;4;
GENERAL SALGADO ;3;2;3
GENERAL SAMPAIO ;2;1;
GENTIL;2;;
GENTIO DO OURO;1;1;
GETULINA;1;1;2
GETULIO VARGAS;4;4;3
GILBUES ;;1;1
GIRAU DO PONCIANO ;;3;3
GIRUA ;3;5;3
GLAUCILANDIA;1;1;
GLICERIO;2;1;
GLORIA;1;2;
GLORIA D'OESTE;2;1;
GLORIA DE DOURADOS;1;2;2
GLORIA DO GOITA ;2;2;
GLORINHA;2;1;1
GODOFREDO VIANA ;1;1;
GODOY MOREIRA ;1;;
GOIABEIRA ;1;1;
GOIANA;7;11;6
GOIANAPOLIS ;1;2;2
GOIANDIRA ;1;1;1
GOIANESIA ;7;6;5
GOIANESIA DO PARA ;1;3;2
GOIANIA ;165;316;185
GOIANINHA ;1;4;4
GOIANIRA;2;2;3
GOIANORTE ;1;1;
GOIAS ;1;4;4
GOIATINS;2;1;
GOIATUBA;2;3;5
GOIOERE ;4;4;4
GOIOXIM ;2;1;
GONCALVES ;2;2;
GONCALVES DIAS;2;4;
GONGOGI ;1;1;
GONZAGA ;2;1;
GOUVEIA ;2;1;1
GOUVELANDIA ;1;1;1
GOVERNADOR ARCHER ;2;2;
GOVERNADOR CELSO RAMOS;2;2;1
GOVERNADOR DIX-SEPT ROSADO;2;2;
GOVERNADOR EDISON LOBAO ;1;1;
GOVERNADOR EUGENIO BARROS ;2;2;
GOVERNADOR JORGE TEIXEIRA ;5;2;
GOVERNADOR LINDENBERG ;3;1;1
GOVERNADOR LUIZ ROCHA ;1;1;
GOVERNADOR MANGABEIRA ;2;3;1
GOVERNADOR NEWTON BELLO ;1;1;
GOVERNADOR NUNES FREIRE ;2;3;2
GOVERNADOR VALADARES;16;46;20
GRACA ;2;2;
GRACA ARANHA;1;1;
GRACCHO CARDOSO ;;2;
GRAJAU;1;7;4
GRAMADO ;6;7;6
GRAMADO DOS LOUREIROS ;2;;
GRAMADO XAVIER;1;;1
GRANDES RIOS;1;1;1
GRANITO ;1;1;
GRANJA;;2;3
GRANJEIRO ;1;1;
GRAO MOGOL;1;2;1
GRAO PARA ;3;1;
GRAVATA ;5;5;5
GRAVATAI;28;51;15
GRAVATAL;3;3;1
GROAIRAS;2;2;
GROSSOS ;1;2;
GRUPIARA;1;;
GUABIJU ;2;;
GUABIRUBA ;5;5;2
GUACUI;1;6;4
GUADALUPE ;1;1;1
GUAIBA;8;18;7
GUAICARA;1;1;1
GUAIMBE ;;;1
GUAIRA;9;13;10
GUAIRACA;2;1;
GUAIUBA ;2;2;
GUAJARA ;1;1;
GUAJARA-MIRIM ;1;4;4
GUAJERU ;1;2;
GUAMARE ;1;3;2
GUAMIRANGA;2;;
GUANAMBI;6;8;6
GUANHAES;1;3;4
GUAPE ;1;5;1
GUAPIACU;;3;4
GUAPIARA;1;1;2
GUAPIMIRIM;1;4;3
GUAPIRAMA ;2;1;
GUAPO ;1;3;2
GUAPORE ;5;6;5
GUARA ;2;5;4
GUARABIRA ;2;9;5
GUARACAI;2;1;2
GUARACI ;3;2;1
GUARACIABA;4;4;2
GUARACIABA DO NORTE ;1;3;2
GUARAI;1;4;4
GUARAMIRANGA;1;2;
GUARAMIRIM;8;6;4
GUARANESIA;2;7;2
GUARANI ;1;5;1
GUARANI D'OESTE ;1;2;
GUARANI DAS MISSOES ;1;1;2
GUARANI DE GOIAS;1;1;
GUARANIACU;4;1;2
GUARANTA;2;2;
GUARANTA DO NORTE ;6;4;3
GUARAPARI ;6;21;10
GUARAPUAVA;26;16;13
GUARAQUECABA;1;1;
GUARARAPES;3;4;5
GUARAREMA ;1;5;4
GUARATINGA;2;2;
GUARATINGUETA ;20;16;9
GUARATUBA ;1;5;4
GUARDA-MOR;1;2;1
GUAREI;2;2;1
GUARIBA ;3;6;4
GUARINOS;1;1;
GUARUJA ;16;20;22
GUARUJA DO SUL;3;1;
GUARULHOS ;106;159;109
GUATAMBU;3;1;
GUATAPARA ;2;1;
GUAXUPE ;7;13;5
GUIA LOPES DA LAGUNA;1;2;1
GUIDOVAL;2;3;
GUIMARAES ;1;1;
GUIMARANIA;1;3;1
GUIRATINGA;2;1;2
GUIRICEMA ;2;1;
GURINHATA ;2;1;1
GURINHEM;2;1;
GURUPA;1;2;1
GURUPI;6;9;7
GUZOLANDIA;1;1;
HARMONIA;1;1;1
HEITORAI;1;1;
HELIODORA ;1;2;1
HELIOPOLIS;1;1;
HERCULANDIA ;;2;2
HERVAL;1;;1
HERVAL D'OESTE;5;3;2
HERVEIRAS ;1;1;
HIDROLANDIA ;;4;5
HIDROLINA ;2;1;
HOLAMBRA;2;4;4
HONORIO SERPA ;3;;
HORIZONTE ;2;4;4
HORIZONTINA ;8;3;4
HORTOLANDIA ;16;17;13
HULHA NEGRA ;1;1;1
HUMAITA ;4;4;5
HUMBERTO DE CAMPOS;2;2;
IACANGA ;1;2;1
IACIARA ;1;;1
IACRI ;;1;1
IACU;;1;1
IAPU;2;2;1
IARAS ;1;2;1
IATI;2;2;
IBAITI;4;3;4
IBARAMA ;1;;1
IBARETAMA ;1;1;
IBATE ;2;4;4
IBATEGUARA;2;2;
IBATIBA ;2;5;3
IBEMA ;2;2;
IBERTIOGA ;2;1;
IBIA;2;5;5
IBIACA;3;2;1
IBIAI ;1;;
IBIAM ;2;2;
IBIAPINA;2;1;1
IBIARA;1;1;
IBIASSUCE ;1;2;1
IBICARAI;;5;3
IBICARE ;2;2;1
IBICOARA;1;2;1
IBICUI;3;3;
IBICUITINGA ;1;1;
IBIMIRIM;1;2;1
IBIPEBA ;;1;1
IBIPITANGA;2;1;
IBIPORA ;3;5;4
IBIQUERA;1;1;
IBIRA ;2;2;2
IBIRACATU ;1;1;
IBIRACI ;3;2;1
IBIRACU ;2;8;3
IBIRAIARAS;2;1;2
IBIRAJUBA ;1;1;
IBIRAMA ;7;4;3
IBIRAPITANGA;2;2;
IBIRAPUA;3;2;
IBIRAPUITA;1;;1
IBIRAREMA ;1;2;2
IBIRATAIA ;1;3;1
IBIRITE ;3;6;5
IBIRUBA ;7;3;4
IBITIARA;2;2;
IBITINGA;4;4;5
IBITIRAMA ;1;1;1
IBITITA ;1;1;
IBITIURA DE MINAS ;2;1;
IBITURUNA ;1;1;
IBIUNA;3;7;6
IBOTIRAMA ;;4;4
ICAPUI;1;2;1
ICARA ;8;5;4
ICARAI DE MINAS ;2;2;
ICARAIMA;3;1;2
ICATU ;;2;1
ICEM;1;2;2
ICHU;2;1;
ICO ;;3;3
ICONHA;1;5;4
IELMO MARINHO ;1;1;
IEPE;1;3;2
IGACI ;1;2;1
IGAPORA ;2;2;
IGARACU DO TIETE;1;2;3
IGARACY ;1;1;
IGARAPAVA ;4;5;5
IGARAPE ;1;7;4
IGARAPE DO MEIO ;1;1;
IGARAPE GRANDE;1;2;1
IGARAPE-ACU ;;3;3
IGARAPE-MIRI;;6;5
IGARASSU;3;10;5
IGARATA ;2;2;
IGARATINGA;3;2;1
IGRAPIUNA ;2;1;
IGREJA NOVA ;2;1;
IGREJINHA ;2;8;5
IGUABA GRANDE ;;2;3
IGUAI ;2;4;2
IGUAPE;;3;4
IGUARACI;1;1;
IGUARACU;;1;1
IGUATAMA;1;3;1
IGUATEMI;2;3;1
IGUATU;3;7;6
IJACI ;2;1;
IJUI;8;27;10
ILHA COMPRIDA ;;1;1
ILHA DAS FLORES ;1;1;
ILHA DE ITAMARACA ;1;2;1
ILHA GRANDE ;1;1;
ILHA SOLTEIRA ;3;5;4
ILHABELA;;6;5
ILHEUS;10;18;10
ILHOTA;4;3;1
ILICINEA;2;2;
ILOPOLIS;2;1;2
IMACULADA ;1;1;
IMARUI;2;2;1
IMBAU ;1;1;1
IMBE;2;9;2
IMBE DE MINAS ;2;1;
IMBITUBA;4;9;4
IMBITUVA;2;4;4
IMBUIA;4;2;1
IMIGRANTE ;2;1;1
IMPERATRIZ;7;21;19
INACIO MARTINS;1;;1
INACIOLANDIA;1;1;1
INAJA ;3;3;
INCONFIDENTES ;2;3;
INDAIABIRA;1;1;
INDAIAL ;13;3;4
INDAIATUBA;23;30;27
INDEPENDENCIA ;4;3;3
INDIANA ;;1;1
INDIANOPOLIS;3;3;1
INDIAPORA ;1;2;2
INDIARA ;2;4;2
INDIAROBA ;1;1;1
INDIAVAI;2;1;
INGA;2;2;
INGAI ;1;;
INGAZEIRA ;1;1;
INHACORA;1;1;
INHAMBUPE ;1;3;3
INHANGAPI ;1;1;
INHAPI;2;1;
INHAPIM ;2;3;3
INHAUMA ;1;2;1
INHUMA;2;2;
INHUMAS ;2;4;4
INIMUTABA ;1;1;
INOCENCIA ;1;1;1
INUBIA PAULISTA ;3;2;
IOMERE;3;1;
IPABA ;3;2;
IPAMERI ;4;3;4
IPANEMA ;2;8;2
IPANGUACU ;2;2;
IPAPORANGA;1;1;
IPATINGA;21;31;24
IPAUMIRIM ;1;;1
IPAUSSU ;3;5;3
IPE ;3;1;2
IPECAETA;;1;1
IPERO ;1;4;2
IPEUNA;2;1;1
IPIACU;2;1;
IPIAU ;;3;4
IPIGUA;1;1;
IPIRA ;5;4;4
IPIRANGA;1;1;2
IPIRANGA DO NORTE ;2;2;1
IPIRANGA DO PIAUI ;1;1;
IPIRANGA DO SUL ;2;1;1
IPIXUNA ;;1;1
IPIXUNA DO PARA ;2;4;3
IPOJUCA ;7;20;8
IPORA ;4;5;7
IPORA DO OESTE;4;1;1
IPORANGA;1;1;
IPU ;;3;3
IPUA;2;2;2
IPUACU;5;2;
IPUBI ;1;2;1
IPUEIRAS;;2;3
IPUIUNA ;2;6;1
IPUMIRIM;3;1;1
IPUPIARA;;2;2
IRACEMA ;2;4;1
IRACEMA DO OESTE;1;;
IRACEMAPOLIS;3;4;4
IRACEMINHA;4;1;
IRAI;1;1;2
IRAI DE MINAS ;;1;1
IRAJUBA ;1;1;
IRAMAIA ;1;1;
IRANDUBA;2;4;2
IRANI ;4;3;1
IRAPUA;1;2;1
IRAPURU ;;2;2
IRAQUARA;;3;3
IRARA ;1;4;3
IRATI ;10;6;5
IRAUCUBA;2;2;
IRECE ;1;3;6
IRETAMA ;2;3;2
IRINEOPOLIS ;3;3;1
IRITUIA ;1;3;1
IRUPI ;3;3;1
ISAIAS COELHO ;1;1;
ISRAELANDIA ;1;1;
ITA ;4;2;1
ITAARA;2;;
ITABAIANA ;4;13;9
ITABAIANINHA;;5;4
ITABELA ;2;4;3
ITABERA ;2;1;3
ITABERABA ;2;6;4
ITABERAI;2;5;5
ITABI ;;;1
ITABIRA ;9;12;7
ITABIRINHA;2;3;1
ITABIRITO ;5;9;5
ITABORAI;4;12;10
ITABUNA ;10;23;12
ITACAJA ;1;1;
ITACAMBIRA;1;1;
ITACARAMBI;1;2;1
ITACARE ;1;4;3
ITACOATIARA ;4;7;5
ITACURUBA ;1;1;
ITACURUBI ;1;;1
ITAETE;2;2;
ITAGI ;2;1;
ITAGIBA ;2;3;1
ITAGIMIRIM;;1;1
ITAGUACU;2;4;3
ITAGUACU DA BAHIA ;1;1;
ITAGUAI ;2;11;10
ITAGUAJE;1;1;1
ITAGUARA;2;4;2
ITAGUARI;1;1;
ITAGUARU;1;2;1
ITAGUATINS;1;1;
ITAI;2;4;4
ITAIBA;1;2;1
ITAICABA;2;2;
ITAINOPOLIS ;1;1;
ITAIOPOLIS;2;3;3
ITAIPAVA DO GRAJAU;1;1;
ITAIPE;3;2;1
ITAIPULANDIA;3;1;1
ITAITINGA ;1;3;2
ITAITUBA;24;11;6
ITAJA ;3;2;
ITAJAI;43;33;22
ITAJOBI ;1;2;2
ITAJU ;2;2;
ITAJU DO COLONIA;;1;1
ITAJUBA ;15;12;9
ITAJUIPE;2;1;1
ITALVA;2;3;3
ITAMARAJU ;3;6;4
ITAMARANDIBA;3;6;2
ITAMARATI ;1;1;
ITAMARATI DE MINAS;2;1;
ITAMARI ;1;1;
ITAMBACURI;1;2;3
ITAMBARACA;2;1;
ITAMBE;3;8;6
ITAMBE DO MATO DENTRO ;1;1;
ITAMOGI ;3;4;1
ITAMONTE;2;4;3
ITANAGRA;1;1;
ITANHAEM;6;7;6
ITANHANDU ;2;4;3
ITANHANGA ;2;1;
ITANHEM ;2;1;1
ITANHOMI;2;3;1
ITAOBIM ;2;3;2
ITAOCA;1;1;
ITAOCARA;1;4;4
ITAPACI ;2;3;3
ITAPAGE ;;2;4
ITAPAGIPE ;1;8;2
ITAPARICA ;1;4;2
ITAPE ;2;3;
ITAPEBI ;1;1;
ITAPECERICA ;2;4;3
ITAPECERICA DA SERRA;5;14;9
ITAPECURU MIRIM ;1;3;3
ITAPEJARA D'OESTE ;4;1;1
ITAPEMA ;6;6;6
ITAPEMIRIM;4;12;4
ITAPERUCU ;2;1;1
ITAPERUNA ;6;10;8
ITAPETIM;2;2;1
ITAPETINGA;4;5;5
ITAPETININGA;14;9;11
ITAPEVA ;8;7;6
ITAPEVI ;18;20;7
ITAPICURU ;1;2;1
ITAPIPOCA ;4;9;5
ITAPIRA ;4;8;6
ITAPIRANGA;4;4;2
ITAPIRAPUA;1;2;1
ITAPIRAPUA PAULISTA ;1;1;
ITAPIRATINS ;1;1;
ITAPISSUMA;3;5;1
ITAPITANGA;1;2;
ITAPIUNA;2;2;
ITAPOA;3;5;2
ITAPOLIS;1;4;6
ITAPORA ;2;2;2
ITAPORANGA;2;7;8
ITAPORANGA D'AJUDA;;2;3
ITAPOROROCA ;1;1;
ITAPUA DO OESTE ;2;2;
ITAPUCA ;1;;
ITAPUI;1;2;2
ITAPURA ;1;1;
ITAPURANGA;1;4;4
ITAQUAQUECETUBA ;14;16;12
ITAQUARA;2;2;
ITAQUI;2;7;5
ITAQUIRAI ;2;2;1
ITAQUITINGA ;1;1;
ITARANA ;2;3;2
ITARANTIM ;1;2;1
ITARARE ;4;4;5
ITAREMA ;1;2;1
ITARIRI ;1;2;2
ITARUMA ;2;2;1
ITATI ;2;1;
ITATIAIA;7;6;4
ITATIAIUCU;2;4;1
ITATIBA ;13;12;10
ITATIBA DO SUL;2;;1
ITATIM;;1;1
ITATINGA;1;2;3
ITATIRA ;2;2;
ITATUBA ;1;1;
ITAU;1;1;
ITAU DE MINAS ;4;5;4
ITAUBA;2;2;1
ITAUCU;;;1
ITAUEIRA;;2;1
ITAUNA;4;9;6
ITAUNA DO SUL ;;1;1
ITAVERAVA ;1;1;
ITINGA;1;1;
ITINGA DO MARANHAO;2;2;1
ITIQUIRA;4;3;2
ITIRAPINA ;;4;4
ITIRAPUA;2;1;
ITIRUCU ;;1;1
ITIUBA;2;3;2
ITOBI ;3;3;1
ITORORO ;;3;2
ITU ;22;27;16
ITUACU;2;2;1
ITUBERA ;2;2;2
ITUETA;1;1;
ITUIUTABA ;10;5;7
ITUMBIARA ;16;12;9
ITUMIRIM;1;1;
ITUPEVA ;7;6;5
ITUPIRANGA;;4;3
ITUPORANGA;7;3;3
ITURAMA ;3;9;5
ITUTINGA;2;2;
ITUVERAVA ;2;5;6
IUIU;2;1;
IUNA;2;4;3
IVAI;1;2;2
IVAIPORA;6;3;4
IVATE ;;1;1
IVATUBA ;2;3;
IVINHEMA;2;3;3
IVORA ;4;1;
IVOTI ;3;8;3
JABOATAO DOS GUARARAPES ;17;39;24
JABORA;3;1;1
JABORANDI ;3;2;1
JABOTI;2;1;
JABOTICABA;3;;
JABOTICABAL ;11;8;10
JABOTICATUBAS ;2;3;1
JACANA;1;1;
JACARACI;2;2;
JACARAU ;2;2;
JACARE DOS HOMENS ;1;1;
JACAREACANGA;1;1;1
JACAREI ;25;25;14
JACAREZINHO ;6;3;4
JACI;3;2;
JACIARA ;2;7;3
JACINTO ;1;2;1
JACINTO MACHADO ;3;4;1
JACOBINA;4;9;5
JACUI ;2;5;1
JACUIZINHO;1;1;
JACUNDA ;1;5;5
JACUPIRANGA ;1;2;4
JACUTINGA ;4;4;6
JAGUAPITA ;3;3;4
JAGUAQUARA;2;4;4
JAGUARACU ;1;1;
JAGUARAO;1;4;4
JAGUARARI ;2;8;3
JAGUARE ;3;5;2
JAGUARETAMA ;2;2;
JAGUARI ;2;3;3
JAGUARIAIVA ;4;3;3
JAGUARIBARA ;2;2;
JAGUARIBE ;;3;4
JAGUARIPE ;1;1;
JAGUARIUNA;15;12;7
JAGUARUANA;1;3;2
JAGUARUNA ;2;4;2
JAIBA ;3;2;4
JAICOS;2;2;
JALES ;7;7;7
JAMBEIRO;2;1;
JAMPRUCA;1;1;
JANAUBA ;5;5;6
JANDAIA ;2;2;1
JANDAIA DO SUL;2;3;4
JANDAIRA;2;2;
JANDIRA ;5;14;5
JANGADA ;1;1;1
JANIOPOLIS;1;1;1
JANUARIA;2;6;6
JAPARAIBA ;1;2;
JAPARATINGA ;1;1;
JAPARATUBA;;1;2
JAPERI;1;5;3
JAPI;1;1;
JAPIRA;1;;
JAPOATA ;1;1;1
JAPONVAR;1;1;
JAPORA;1;1;
JAPURA;4;3;1
JAQUEIRA;1;1;
JAQUIRANA ;3;1;
JARAGUA ;2;4;4
JARAGUA DO SUL;38;34;16
JARAGUARI ;1;2;
JARAMATAIA;1;1;
JARDIM;2;5;4
JARDIM ALEGRE ;3;2;3
JARDIM DE PIRANHAS;2;2;
JARDIM DO SERIDO;;1;2
JARDINOPOLIS;6;3;5
JARI;1;;1
JARINU;4;5;5
JARU;8;4;4
JATAI ;4;18;9
JATAIZINHO;3;3;1
JATAUBA ;1;1;
JATEI ;1;1;
JATI;1;1;
JATOBA;2;2;
JAU ;16;14;14
JAU DO TOCANTINS;1;1;
JAUPACI ;1;1;
JAURU ;2;2;1
JECEABA ;3;2;
JENIPAPO DE MINAS ;2;1;
JENIPAPO DOS VIEIRAS;1;1;
JEQUERI ;1;3;1
JEQUIA DA PRAIA ;1;1;
JEQUIE;2;10;8
JEQUITAI;1;1;1
JEQUITIBA ;2;2;
JEQUITINHONHA ;2;3;3
JEREMOABO ;;3;3
JERICO;1;2;
JERIQUARA ;1;1;
JERONIMO MONTEIRO ;2;2;1
JERUMENHA ;1;1;
JESUANIA;1;;
JESUITAS;3;1;1
JESUPOLIS ;1;1;
JI-PARANA ;12;11;10
JIJOCA DE JERICOACOARA;2;2;1
JIQUIRICA ;2;2;
JITAUNA ;2;2;
JOACABA ;8;8;9
JOAIMA;3;2;2
JOANESIA;1;;
JOANOPOLIS;2;3;1
JOAO ALFREDO;1;2;1
JOAO CAMARA ;1;3;4
JOAO DOURADO;1;1;
JOAO LISBOA ;1;3;1
JOAO MONLEVADE;8;12;6
JOAO NEIVA;1;4;4
JOAO PESSOA ;59;96;82
JOAO PINHEIRO ;6;9;4
JOAO RAMALHO;1;2;1
JOAQUIM GOMES ;2;2;1
JOAQUIM NABUCO;1;1;
JOAQUIM PIRES ;2;2;
JOAQUIM TAVORA;2;3;3
JOIA;2;;1
JOINVILLE ;91;90;66
JORDANIA;3;3;
JOSE BOITEUX;3;1;
JOSE BONIFACIO;1;4;5
JOSE DA PENHA ;1;1;
JOSE DE FREITAS ;;2;2
JOSE GONCALVES DE MINAS ;1;1;
JOSE RAYDAN ;1;1;
JOSELANDIA;1;1;
JOVIANIA;2;2;2
JUARA ;4;4;4
JUAREZ TAVORA ;1;1;
JUATUBA ;2;3;3
JUAZEIRINHO ;2;2;
JUAZEIRO;10;18;10
JUAZEIRO DO NORTE ;1;12;12
JUCAS ;1;2;1
JUCATI;1;1;
JUCURUCU;1;1;
JUCURUTU;1;2;1
JUINA ;5;4;3
JUIZ DE FORA;47;76;53
JULIO DE CASTILHOS;5;3;3
JULIO MESQUITA;2;3;
JUMIRIM ;2;1;
JUNCO DO SERIDO ;1;1;
JUNDIA;1;1;
JUNDIAI ;95;76;60
JUNDIAI DO SUL;1;;
JUNQUEIRO ;2;1;
JUNQUEIROPOLIS;3;4;4
JUPI;1;1;
JUPIA ;2;1;
JUQUIA;2;4;3
JUQUITIBA ;;2;3
JURAMENTO ;1;1;
JURANDA ;2;1;1
JUREMA;2;2;
JURIPIRANGA ;1;1;
JURU;1;1;
JURUA ;1;1;
JURUAIA ;4;5;
JURUENA ;2;1;1
JURUTI;;6;4
JUSCIMEIRA;2;2;1
JUSSARA ;5;7;4
JUSSARI ;1;1;
JUSSIAPE;1;1;
JUTAI ;;1;1
JUTI;3;2;
KALORE;2;1;
LABREA;;3;3
LACERDOPOLIS;3;1;
LADAINHA;1;2;1
LADARIO ;2;1;1
LAFAIETE COUTINHO ;1;2;
LAGAMAR ;1;3;1
LAGARTO ;;7;5
LAGES ;26;20;16
LAGO DA PEDRA ;;2;2
LAGO DO JUNCO ;1;2;
LAGO DOS RODRIGUES;1;2;
LAGO VERDE;;1;1
LAGOA ALEGRE;1;1;
LAGOA BONITA DO SUL ;1;;
LAGOA DA CANOA;1;2;1
LAGOA DA CONFUSAO ;1;3;2
LAGOA DA PRATA;1;7;5
LAGOA DE DENTRO ;1;1;
LAGOA DE SAO FRANCISCO;1;1;
LAGOA DO CARRO;2;3;
LAGOA DO ITAENGA;1;2;1
LAGOA DO MATO ;1;1;
LAGOA DO OURO ;1;1;
LAGOA DO TOCANTINS;1;1;
LAGOA DOS GATOS ;2;2;
LAGOA DOS PATOS ;1;1;
LAGOA DOS TRES CANTOS ;1;;
LAGOA DOURADA ;2;7;2
LAGOA FORMOSA ;3;4;1
LAGOA GRANDE;5;5;1
LAGOA GRANDE DO MARANHAO;1;1;
LAGOA NOVA;2;2;
LAGOA REAL;2;2;
LAGOA SALGADA ;1;1;
LAGOA SANTA ;5;9;5
LAGOA SECA;2;3;
LAGOA VERMELHA;4;6;5
LAGOAO;1;;1
LAGOINHA;1;;
LAGUNA;2;6;3
LAGUNA CARAPA ;2;1;1
LAJE;2;2;
LAJE DO MURIAE;;1;2
LAJEADO ;16;24;9
LAJEADO DO BUGRE;1;;
LAJEADO GRANDE;2;;
LAJEADO NOVO;1;1;
LAJEDAO ;2;1;
LAJEDO;;3;3
LAJEDO DO TABOCAL ;1;1;
LAJES ;;1;1
LAJINHA ;1;7;1
LAMARAO ;2;2;
LAMBARI ;1;6;4
LAMBARI D'OESTE ;2;2;
LAMIM ;1;1;
LANDRI SALES;1;1;
LAPA;6;5;4
LAPAO ;1;1;1
LARANJA DA TERRA;2;3;1
LARANJAL;4;1;1
LARANJAL DO JARI;1;4;3
LARANJAL PAULISTA ;5;4;5
LARANJEIRAS ;3;1;3
LARANJEIRAS DO SUL;5;3;4
LASSANCE;1;1;
LAURENTINO;4;2;1
LAURO DE FREITAS;7;18;20
LAURO MULLER;2;3;3
LAVINIA ;;;1
LAVRAS;13;18;7
LAVRAS DA MANGABEIRA;;2;3
LAVRAS DO SUL ;1;1;2
LAVRINHAS ;1;1;
LEANDRO FERREIRA;1;1;
LEBON REGIS ;2;3;1
LEME;8;8;6
LEME DO PRADO ;1;1;
LENCOIS ;1;2;1
LENCOIS PAULISTA;4;11;5
LEOBERTO LEAL ;2;1;1
LEOPOLDINA;4;7;6
LEOPOLDO DE BULHOES ;1;1;1
LEOPOLIS;1;;
LIBERATO SALZANO;2;;1
LIBERDADE ;;1;1
LICINIO DE ALMEIDA;1;2;1
LIDIANOPOLIS;1;;
LIMA CAMPOS ;2;1;
LIMA DUARTE ;1;4;2
LIMEIRA ;34;27;27
LIMEIRA DO OESTE;1;3;1
LIMOEIRO;3;9;5
LIMOEIRO DE ANADIA;2;2;1
LIMOEIRO DO AJURU ;1;1;1
LIMOEIRO DO NORTE ;3;6;4
LINDOESTE ;3;;
LINDOIA ;1;1;1
LINDOIA DO SUL;3;1;
LINDOLFO COLLOR ;3;1;
LINHA NOVA;1;;
LINHARES;11;23;11
LINS;12;9;11
LIVRAMENTO;1;1;
LIVRAMENTO DE NOSSA SENHORA ;;3;3
LIZARDA ;1;1;
LOANDA;2;3;4
LOBATO;;1;1
LONDRINA;76;78;69
LONTRA;3;1;
LONTRAS ;5;2;1
LORENA;8;10;7
LORETO;1;2;1
LOURDES ;1;1;
LOUVEIRA;6;9;6
LUCAS DO RIO VERDE;11;11;9
LUCELIA ;3;4;4
LUCENA;1;1;
LUCIANOPOLIS;1;1;
LUCIARA ;1;1;
LUIS ANTONIO;2;4;4
LUIS CORREIA;1;4;2
LUIS DOMINGUES;1;1;
LUIS EDUARDO MAGALHAES;4;8;9
LUIS GOMES;1;1;
LUISBURGO ;1;3;
LUIZ ALVES;3;2;1
LUIZIANA;2;1;
LUIZIANIA ;;;1
LUMINARIAS;1;;
LUNARDELLI;2;1;
LUPERCIO;2;2;
LUPIONOPOLIS;2;1;
LUTECIA ;1;1;
LUZ ;2;9;3
LUZERNA ;3;1;
LUZIANIA;8;10;7
LUZILANDIA;1;2;1
MACAE ;19;26;23
MACAIBA ;1;5;4
MACAJUBA;2;2;
MACAMBARA ;1;;1
MACAMBIRA ;1;1;
MACAPA;15;63;30
MACAPARANA;2;2;
MACARANI;1;2;1
MACATUBA;4;3;3
MACAU ;1;3;4
MACAUBAL;2;2;2
MACAUBAS;;3;3
MACEDONIA ;1;1;
MACEIO;45;123;72
MACHACALIS;1;2;1
MACHADINHO;1;1;2
MACHADINHO D'OESTE;4;2;2
MACHADO ;3;9;5
MACHADOS;2;2;
MACIEIRA;2;;
MACUCO;1;2;2
MACURURE;1;1;
MADALENA;2;2;
MADRE DE DEUS ;1;2;2
MADRE DE DEUS DE MINAS;1;2;
MAE DO RIO;;3;3
MAETINGA;1;3;
MAFRA ;6;5;4
MAGALHAES BARATA;1;2;
MAGALHAES DE ALMEIDA;1;1;
MAGDA ;;;1
MAGE;1;17;12
MAIQUINIQUE ;;1;1
MAIRI ;;2;2
MAIRINQUE ;1;5;5
MAIRIPORA ;3;6;7
MAIRIPOTABA ;1;1;
MAJOR GERCINO ;1;1;
MAJOR ISIDORO ;1;2;1
MAJOR VIEIRA;2;1;1
MALACACHETA ;2;1;2
MALHADA ;2;2;
MALHADA DE PEDRAS ;;1;1
MALHADA DOS BOIS;;2;
MALHADOR;;;1
MALLET;3;2;2
MALTA ;1;2;
MAMANGUAPE;2;6;4
MAMBAI;2;1;
MAMBORE ;3;3;3
MAMONAS ;1;1;
MAMPITUBA ;1;;
MANACAPURU;4;6;5
MANAIRA ;1;1;
MANAQUIRI ;;1;1
MANARI;1;1;
MANAUS;169;347;117
MANCIO LIMA ;1;5;1
MANDAGUACU;2;3;4
MANDAGUARI;3;3;4
MANDIRITUBA ;2;5;3
MANDURI ;;1;2
MANFRINOPOLIS ;2;;
MANGA ;1;3;1
MANGARATIBA ;;5;3
MANGUEIRINHA;5;3;3
MANHUACU;7;26;6
MANHUMIRIM;2;6;3
MANICORE;3;3;3
MANOEL EMIDIO ;1;1;
MANOEL RIBAS;4;2;3
MANOEL URBANO ;1;2;1
MANOEL VIANA;1;;1
MANOEL VITORINO ;1;1;
MANSIDAO;2;2;
MANTENA ;1;6;4
MANTENOPOLIS;2;2;1
MAQUINE ;1;1;1
MAR DE ESPANHA;2;1;1
MAR VERMELHO;;1;
MARA ROSA ;1;3;2
MARAA ;2;1;
MARABA;7;31;22
MARABA PAULISTA ;;1;1
MARACACUME;;2;1
MARACAI ;1;4;3
MARACAJA;2;1;
MARACAJU;4;6;3
MARACANA;1;3;1
MARACANAU ;6;20;10
MARACAS ;1;3;2
MARAGOGI;;3;4
MARAGOGIPE;2;3;2
MARAIAL ;1;1;
MARANGUAPE;5;9;4
MARANHAOZINHO ;1;1;
MARAPANIM ;1;5;2
MARAPOAMA ;2;2;
MARATA;1;1;1
MARATAIZES;2;8;3
MARAU ;10;10;6
MARAVILHA ;7;4;3
MARAVILHAS;1;2;1
MARCACAO;1;1;
MARCELANDIA ;1;2;2
MARCELINO RAMOS ;1;1;2
MARCELINO VIEIRA;1;1;
MARCIONILIO SOUZA ;1;1;
MARCO ;1;4;2
MARCOLANDIA ;1;1;
MARCOS PARENTE;1;1;
MARECHAL CANDIDO RONDON ;14;5;4
MARECHAL DEODORO;1;3;2
MARECHAL FLORIANO ;1;4;4
MARECHAL THAUMATURGO;2;2;
MAREMA;3;1;
MARI;3;3;1
MARIA DA FE ;1;2;2
MARIA HELENA;2;1;
MARIALVA;4;3;4
MARIANA ;7;5;5
MARIANA PIMENTEL;1;;1
MARIANO MORO;2;;1
MARIANOPOLIS DO TOCANTINS ;2;1;
MARIAPOLIS;1;1;
MARIBONDO ;2;2;1
MARICA;3;9;8
MARILAC ;1;3;
MARILANDIA;3;3;2
MARILANDIA DO SUL ;3;2;1
MARILENA;3;1;
MARILIA ;33;56;37
MARILUZ ;2;1;2
MARINGA ;71;77;53
MARINOPOLIS ;2;1;
MARIO CAMPOS;1;3;
MARIOPOLIS;5;1;
MARIPA;3;1;1
MARIPA DE MINAS ;1;1;
MARITUBA;1;17;5
MARIZOPOLIS ;1;1;
MARLIERIA ;1;;
MARMELEIRO;6;2;3
MARMELOPOLIS;1;2;
MARQUES DE SOUZA;3;1;
MARQUINHO ;3;1;
MARTINHO CAMPOS ;3;8;2
MARTINOPOLE ;1;1;
MARTINOPOLIS;;3;4
MARTINS ;1;1;
MARTINS SOARES;2;4;
MARUIM;;1;1
MARUMBI ;2;1;
MARZAGAO;2;1;
MASCOTE ;1;1;
MASSAPE ;;4;2
MASSARANDUBA;3;4;4
MATA;2;1;1
MATA DE SAO JOAO;5;12;4
MATA GRANDE ;1;1;1
MATA ROMA ;;3;1
MATA VERDE;1;1;1
MATAO ;15;7;6
MATARACA;1;1;
MATELANDIA;4;2;2
MATEUS LEME ;2;3;4
MATHIAS LOBATO;;;1
MATIAS BARBOSA;1;3;2
MATIAS CARDOSO;1;1;
MATIAS OLIMPIO;1;1;
MATINA;1;1;
MATINHA ;;3;1
MATINHOS;3;22;4
MATIPO;2;6;2
MATO CASTELHANO ;2;1;
MATO LEITAO ;3;1;
MATO QUEIMADO ;1;;
MATO RICO ;1;;
MATO VERDE;;2;2
MATOES;2;2;
MATOES DO NORTE ;1;1;
MATOS COSTA ;2;1;
MATOZINHOS;3;6;4
MATRINCHA ;;1;1
MATRIZ DE CAMARAGIBE;2;2;
MATUPA;5;3;2
MATUTINA;1;1;
MAUA;21;41;26
MAUA DA SERRA ;1;1;1
MAUES ;;4;4
MAURILANDIA ;1;2;2
MAURITI ;;2;3
MAXARANGUAPE;1;1;
MAXIMILIANO DE ALMEIDA;3;1;1
MAZAGAO ;;1;1
MEDEIROS;3;3;
MEDEIROS NETO ;1;4;4
MEDIANEIRA;6;5;5
MEDICILANDIA;1;3;2
MEDINA;;3;3
MELEIRO ;3;2;1
MELGACO ;1;1;1
MENDES;1;3;4
MENDES PIMENTEL ;;;1
MENDONCA;1;1;1
MERCEDES;2;1;1
MERCES;2;4;1
MERIDIANO ;2;3;
MERUOCA ;2;2;
MESQUITA;2;8;6
MESSIAS ;2;2;
MESSIAS TARGINO ;1;1;
MIAMI ;;1;
MIGUEL ALVES;1;1;1
MIGUEL CALMON ;2;3;2
MIGUEL PEREIRA;1;4;5
MIGUELOPOLIS;2;2;3
MILAGRES;;2;3
MILAGRES DO MARANHAO;1;1;
MILHA ;2;2;
MIMOSO DE GOIAS ;1;1;
MIMOSO DO SUL ;2;6;3
MINACU;1;5;4
MINADOR DO NEGRAO ;1;1;
MINAS DO LEAO ;;;1
MINAS NOVAS ;2;4;1
MINDURI ;2;1;
MINEIROS;6;8;5
MINEIROS DO TIETE ;1;4;1
MINISTRO ANDREAZZA;4;3;1
MIRA ESTRELA;1;;
MIRABELA;;2;1
MIRACATU;1;3;3
MIRACEMA;1;3;3
MIRACEMA DO TOCANTINS ;;3;4
MIRADOR ;1;2;1
MIRADOURO ;3;4;1
MIRAGUAI;3;1;1
MIRAI ;2;3;1
MIRAIMA ;1;2;
MIRANDA ;2;4;3
MIRANDA DO NORTE;3;1;
MIRANDIBA ;2;2;
MIRANDOPOLIS;1;5;4
MIRANGABA ;2;2;
MIRANORTE ;2;2;2
MIRANTE ;1;1;
MIRANTE DA SERRA;3;2;1
MIRANTE DO PARANAPANEMA ;3;2;3
MIRASSOL;4;5;6
MIRASSOL D'OESTE;2;4;3
MIRASSOLANDIA ;;1;1
MIRIM DOCE;2;;
MIRINZAL;1;2;1
MISSAL;4;1;1
MISSAO VELHA;1;1;1
MOCAJUBA;2;2;1
MOCOCA;9;7;7
MODELO;2;1;1
MOEDA ;;1;1
MOEMA ;2;4;1
MOGEIRO ;1;1;
MOGI DAS CRUZES ;35;44;36
MOGI-GUACU;14;17;12
MOGI-MIRIM;14;13;9
MOIPORA ;1;1;
MOITA BONITA;1;1;
MOJU;1;4;4
MOJUI DOS CAMPOS;2;1;1
MOMBACA ;;1;3
MOMBUCA ;;1;1
MONCAO;1;3;1
MONCOES ;;;1
MONDAI;3;4;2
MONGAGUA;;5;5
MONSENHOR GIL ;1;1;
MONSENHOR HIPOLITO;1;1;
MONSENHOR PAULO ;1;3;2
MONSENHOR TABOSA;2;2;
MONTADAS;1;;
MONTALVANIA ;2;2;1
MONTANHA;1;4;4
MONTANHAS ;1;1;
MONTAURI;1;;
MONTE ALEGRE;1;4;6
MONTE ALEGRE DE GOIAS ;1;1;1
MONTE ALEGRE DE MINAS ;3;2;2
MONTE ALEGRE DE SERGIPE ;1;1;
MONTE ALEGRE DO PIAUI ;1;1;
MONTE ALEGRE DO SUL ;;3;2
MONTE ALEGRE DOS CAMPOS ;2;;
MONTE ALTO;4;9;7
MONTE APRAZIVEL ;2;3;5
MONTE AZUL;2;3;2
MONTE AZUL PAULISTA ;2;3;4
MONTE BELO;2;4;2
MONTE BELO DO SUL ;2;1;
MONTE CARLO ;3;2;
MONTE CARMELO ;6;6;4
MONTE CASTELO ;2;1;1
MONTE DO CARMO;1;1;
MONTE FORMOSO ;1;1;
MONTE MOR ;2;4;5
MONTE NEGRO ;1;3;2
MONTE SANTO ;1;4;4
MONTE SANTO DE MINAS;3;8;3
MONTE SIAO;3;4;3
MONTEIRO;3;4;4
MONTEIRO LOBATO ;;2;1
MONTEIROPOLIS ;1;1;
MONTENEGRO;7;11;6
MONTES ALTOS;1;1;
MONTES CLAROS ;26;49;19
MONTES CLAROS DE GOIAS;1;2;2
MONTEZUMA ;1;1;
MONTIVIDIU;2;4;3
MONTIVIDIU DO NORTE ;1;;
MORADA NOVA ;3;4;3
MORADA NOVA DE MINAS;2;2;1
MORAUJO ;1;2;
MOREILANDIA ;2;2;
MOREIRA SALES ;1;4;2
MORENO;1;4;3
MORMACO ;1;1;
MORPARA ;1;1;
MORRETES;2;3;3
MORRINHOS ;2;8;6
MORRINHOS DO SUL;2;;
MORRO AGUDO ;5;4;5
MORRO DA FUMACA ;3;4;3
MORRO DO CHAPEU ;;3;4
MORRO DO PILAR;1;1;
MORRO GRANDE;2;1;
MORRO REDONDO ;2;;
MORRO REUTER;3;1;
MORROS;1;2;
MORTUGABA ;1;2;1
MORUNGABA ;2;5;3
MOSSAMEDES;1;1;1
MOSSORO ;6;25;15
MOSTARDAS ;1;2;3
MOTUCA;2;1;
MOZARLANDIA ;1;3;4
MUANA ;;2;2
MUCAJAI ;1;7;1
MUCAMBO ;2;2;
MUCUGE;1;2;1
MUCUM ;1;1;2
MUCURI;2;8;4
MUCURICI;;1;1
MUITOS CAPOES ;2;;
MULITERNO ;1;1;
MULUNGU ;3;3;
MULUNGU DO MORRO;1;1;
MUNDO NOVO;3;7;7
MUNHOZ;1;1;1
MUNHOZ DE MELO;2;1;
MUNIZ FERREIRA;1;1;
MUNIZ FREIRE;5;4;2
MUQUEM DO SAO FRANCISCO ;2;1;
MUQUI ;3;4;3
MURIAE;8;18;7
MURIBECA;1;2;
MURICI;;3;3
MURICI DOS PORTELAS ;1;1;
MURITIBA;1;4;3
MURUTINGA DO SUL;1;1;1
MUTUIPE ;1;2;1
MUTUM ;2;4;2
MUTUNOPOLIS ;1;1;
MUZAMBINHO;2;6;4
NANTES;1;1;
NANUQUE ;1;5;6
NAO-ME-TOQUE;5;8;6
NAQUE ;2;1;
NARANDIBA ;1;1;1
NATAL ;48;91;84
NATALANDIA;1;1;
NATERCIA;1;1;1
NATIVIDADE;2;4;4
NATIVIDADE DA SERRA ;2;1;
NATUBA;1;1;
NAVEGANTES;8;7;6
NAVIRAI ;5;7;5
NAZARE;2;4;3
NAZARE DA MATA;1;4;3
NAZARE DO PIAUI ;1;1;
NAZARE PAULISTA ;;1;2
NAZARENO;2;2;1
NAZAREZINHO ;1;1;
NAZARIA ;1;1;
NAZARIO ;1;;1
NEOPOLIS;1;3;4
NEPOMUCENO;2;6;4
NEROPOLIS ;2;2;4
NEVES PAULISTA;1;2;2
NEW YORK;;1;
NHAMUNDA;;1;1
NHANDEARA ;;2;3
NICOLAU VERGUEIRO ;1;;
NILO PECANHA;;1;1
NILOPOLIS ;3;12;10
NINA RODRIGUES;1;1;
NINHEIRA;1;1;
NIOAQUE ;2;2;1
NIPOA ;2;2;
NIQUELANDIA ;3;3;5
NISIA FLORESTA;2;3;
NITEROI ;51;97;84
NOBRES;1;2;2
NONOAI;3;3;2
NORDESTINA;3;2;
NORMANDIA ;1;2;
NORTELANDIA ;3;2;
NOSSA SENHORA APARECIDA ;;;1
NOSSA SENHORA DA GLORIA ;1;6;5
NOSSA SENHORA DAS DORES ;1;4;4
NOSSA SENHORA DAS GRACAS;1;1;
NOSSA SENHORA DE LOURDES;1;2;
NOSSA SENHORA DO LIVRAMENTO ;1;1;
NOSSA SENHORA DO SOCORRO;4;12;7
NOSSA SENHORA DOS REMEDIOS;1;1;
NOVA ALIANCA;1;2;1
NOVA ALVORADA ;1;1;2
NOVA ALVORADA DO SUL;1;3;3
NOVA AMERICA;1;1;
NOVA AMERICA DA COLINA;2;1;
NOVA ANDRADINA;5;6;4
NOVA ARACA;3;1;1
NOVA AURORA ;6;3;2
NOVA BANDEIRANTES ;3;1;
NOVA BASSANO;3;3;3
NOVA BOA VISTA;1;1;
NOVA BRASILANDIA;2;1;
NOVA BRASILANDIA D'OESTE;3;5;1
NOVA BRESCIA;2;1;1
NOVA CAMPINA;1;1;
NOVA CANAA;1;2;1
NOVA CANAA DO NORTE ;2;2;1
NOVA CANDELARIA ;3;;
NOVA CANTU;1;1;1
NOVA CRIXAS ;1;4;3
NOVA CRUZ ;1;3;3
NOVA ERA;2;4;2
NOVA ERECHIM;2;1;1
NOVA ESPERANCA;4;3;4
NOVA ESPERANCA DO PIRIA ;1;2;1
NOVA ESPERANCA DO SUDOESTE;3;1;
NOVA ESPERANCA DO SUL ;1;1;2
NOVA EUROPA ;1;3;1
NOVA FATIMA ;4;1;1
NOVA FLORESTA ;1;1;
NOVA FRIBURGO ;22;31;18
NOVA GLORIA ;1;1;1
NOVA GRANADA;1;4;4
NOVA GUARITA;2;1;
NOVA GUATAPORANGA ;1;1;
NOVA HARTZ;2;5;3
NOVA IBIA ;1;1;
NOVA IGUACU ;18;36;41
NOVA INDEPENDENCIA;2;1;
NOVA IORQUE ;1;1;
NOVA IPIXUNA;2;1;
NOVA ITABERABA;3;1;
NOVA ITARANA;1;1;
NOVA LACERDA;2;1;
NOVA LARANJEIRAS;4;1;1
NOVA LIMA ;15;21;13
NOVA LONDRINA ;2;3;4
NOVA LUZITANIA;1;1;1
NOVA MAMORE ;5;4;3
NOVA MARILANDIA ;2;1;
NOVA MARINGA;2;1;
NOVA MONTE VERDE;3;2;1
NOVA MUTUM;8;9;3
NOVA NAZARE ;1;1;
NOVA ODESSA ;5;8;6
NOVA OLIMPIA;3;3;3
NOVA OLINDA ;5;5;
NOVA OLINDA DO MARANHAO ;1;1;
NOVA OLINDA DO NORTE;;1;1
NOVA PADUA;2;1;1
NOVA PALMA;2;1;2
NOVA PETROPOLIS ;4;3;4
NOVA PONTE;2;4;3
NOVA PORTEIRINHA;1;1;
NOVA PRATA;4;3;5
NOVA PRATA DO IGUACU;3;2;3
NOVA RAMADA ;1;;
NOVA REDENCAO ;1;1;
NOVA RESENDE;3;8;1
NOVA ROMA ;1;1;
NOVA ROMA DO SUL;2;1;1
NOVA ROSALANDIA ;1;1;
NOVA RUSSAS ;;2;3
NOVA SANTA BARBARA;3;1;
NOVA SANTA HELENA ;2;1;
NOVA SANTA RITA ;2;9;4
NOVA SANTA ROSA ;5;2;1
NOVA SERRANA;8;11;5
NOVA SOURE;1;3;2
NOVA TEBAS;3;1;
NOVA TIMBOTEUA;1;2;
NOVA TRENTO ;5;3;1
NOVA UBIRATA;3;2;1
NOVA UNIAO;3;2;1
NOVA VENECIA;3;4;5
NOVA VENEZA ;3;3;3
NOVA VICOSA ;3;6;3
NOVA XAVANTINA;1;2;2
NOVAIS;1;1;
NOVO ACORDO ;1;1;
NOVO AIRAO;;;1
NOVO ARIPUANA ;;;1
NOVO BARREIRO ;4;1;
NOVO BRASIL ;1;1;
NOVO CABRAIS;1;;1
NOVO CRUZEIRO ;2;3;1
NOVO GAMA ;1;5;5
NOVO HAMBURGO ;26;63;34
NOVO HORIZONTE;6;5;5
NOVO HORIZONTE DO NORTE ;1;;
NOVO HORIZONTE DO OESTE ;4;1;1
NOVO HORIZONTE DO SUL ;2;1;
NOVO ITACOLOMI;2;1;
NOVO LINO ;1;1;
NOVO MACHADO;2;;
NOVO MUNDO;3;1;
NOVO ORIENTE;1;3;1
NOVO ORIENTE DE MINAS ;2;2;
NOVO ORIENTE DO PIAUI ;1;1;
NOVO PLANALTO ;1;1;
NOVO PROGRESSO;6;3;4
NOVO REPARTIMENTO ;1;3;4
NOVO SANTO ANTONIO;1;1;
NOVO SAO JOAQUIM;;2;2
NOVO TIRADENTES ;2;;
NOVO TRIUNFO;1;1;
NOVO XINGU;2;1;
NOVORIZONTE ;1;1;
NUPORANGA ;3;2;1
OBIDOS;1;4;3
OCARA ;2;2;
OCAUCU;2;2;1
OEIRAS;;3;4
OEIRAS DO PARA;1;1;1
OIAPOQUE;1;5;3
OLARIA;1;1;
OLEO;1;1;
OLHO D'AGUA ;1;1;
OLHO D'AGUA DAS CUNHAS;2;2;
OLHO D'AGUA DAS FLORES;2;3;2
OLHO D'AGUA DO BORGES ;1;1;
OLHO D'AGUA DO CASADO ;1;1;
OLHOS-D'AGUA;1;1;
OLIMPIA ;6;6;6
OLIMPIO NORONHA ;1;1;
OLINDA;14;21;12
OLINDA NOVA DO MARANHAO ;1;1;
OLINDINA;;1;1
OLIVEIRA;4;6;5
OLIVEIRA DOS BREJINHOS;1;1;1
OLIVENCA;1;1;
ONDA VERDE;;;1
ORIENTE ;;2;2
ORINDIUVA ;1;1;1
ORIXIMINA ;3;9;5
ORIZANIA;1;1;
ORIZONA ;3;5;2
ORLANDIA;5;4;6
ORLEANS ;2;3;3
OROBO ;1;2;1
OROCO ;1;1;
OROS;1;3;1
ORTIGUEIRA;5;2;2
OSASCO;54;122;85
OSCAR BRESSANE;;;1
OSORIO;5;12;7
OSVALDO CRUZ;3;5;5
OTACILIO COSTA;4;5;3
OUREM ;2;3;
OURICANGAS;1;1;
OURICURI;1;4;5
OURILANDIA DO NORTE ;2;7;4
OURINHOS;11;14;9
OURIZONA;2;2;
OURO;4;1;
OURO BRANCO ;8;13;5
OURO FINO ;1;4;4
OURO PRETO;14;11;5
OURO PRETO DO OESTE ;5;4;3
OURO VELHO;1;;
OURO VERDE;4;2;1
OURO VERDE DE GOIAS ;2;1;
OURO VERDE DE MINAS ;1;1;
OURO VERDE DO OESTE ;3;1;
OUROESTE;;2;3
OUROLANDIA;3;2;
OUVIDOR ;1;;1
PACAEMBU;;2;3
PACAJA;;1;3
PACAJUS ;1;3;5
PACARAIMA ;3;2;
PACATUBA;3;6;3
PACO DO LUMIAR;;5;5
PACOTI;2;2;
PACUJA;1;1;
PADRE BERNARDO;;3;3
PADRE CARVALHO;1;1;
PADRE MARCOS;1;1;
PADRE PARAISO ;2;2;1
PAES LANDIM ;1;1;
PAI PEDRO ;1;1;
PAIAL ;2;;
PAICANDU;2;3;4
PAIM FILHO;1;;1
PAINEIRAS ;2;3;
PAINEL;1;;
PAINS ;2;4;1
PALESTINA ;2;1;2
PALESTINA DE GOIAS;1;1;
PALESTINA DO PARA ;1;1;1
PALHANO ;2;2;
PALHOCA ;11;12;12
PALMA ;1;;1
PALMA SOLA;3;1;1
PALMACIA;1;1;
PALMARES;1;5;6
PALMARES DO SUL ;1;4;4
PALMARES PAULISTA ;;1;2
PALMAS;31;66;37
PALMAS DE MONTE ALTO;1;3;2
PALMEIRA;6;5;4
PALMEIRA D'OESTE;1;2;3
PALMEIRA DAS MISSOES;3;9;4
PALMEIRA DO PIAUI ;1;1;
PALMEIRA DOS INDIOS ;2;5;5
PALMEIRAIS;2;2;
PALMEIRANDIA;1;1;
PALMEIRANTE ;1;1;
PALMEIRAS ;;1;1
PALMEIRAS DE GOIAS;2;4;4
PALMEIRAS DO TOCANTINS;1;1;
PALMEIROPOLIS ;;1;2
PALMINOPOLIS;2;1;
PALMITAL;8;6;6
PALMITINHO;2;1;2
PALMITOS;3;3;2
PALMOPOLIS;;;1
PALOTINA;6;6;4
PANAMA;2;1;
PANAMBI ;9;12;5
PANCAS;3;3;2
PANELAS ;1;3;1
PANORAMA;3;3;3
PANTANO GRANDE;1;2;2
PAO DE ACUCAR ;1;2;2
PAPAGAIOS ;2;3;2
PAPANDUVA ;2;3;2
PARA DE MINAS ;7;18;5
PARACAMBI ;2;3;5
PARACATU;7;4;5
PARACURU;;2;2
PARAGOMINAS ;6;11;6
PARAGUACU ;1;4;3
PARAGUACU PAULISTA;3;4;5
PARAI ;3;2;2
PARAIBA DO SUL;;6;5
PARAIBANO ;2;3;
PARAIBUNA ;1;4;3
PARAIPABA ;1;2;1
PARAISO ;4;3;2
PARAISO DAS AGUAS ;1;;
PARAISO DO NORTE;3;3;2
PARAISO DO SUL;3;1;2
PARAISO DO TOCANTINS;1;4;5
PARAISOPOLIS;2;4;4
PARAMBU ;1;1;1
PARAMIRIM ;;3;3
PARAMOTI;1;1;
PARANA;2;3;
PARANACITY;2;2;2
PARANAGUA ;10;21;12
PARANAIBA ;3;3;4
PARANAIGUARA;1;;1
PARANAITA ;4;3;1
PARANAPANEMA;6;3;2
PARANAPOEMA ;;1;
PARANAPUA ;1;1;1
PARANATAMA;1;1;
PARANATINGA ;2;4;2
PARANAVAI ;20;8;6
PARANHOS;1;3;1
PARAOPEBA ;2;5;2
PARAPUA ;;2;3
PARATINGA ;1;2;2
PARATY;3;3;6
PARAU ;1;1;
PARAUAPEBAS ;10;24;14
PARAUNA ;1;4;4
PARAZINHO ;1;1;
PARDINHO;;1;2
PARECI NOVO ;1;;1
PARECIS ;1;;
PARELHAS;;1;1
PARICONHA ;2;2;
PARINTINS ;2;8;5
PARIPIRANGA ;1;1;1
PARIPUEIRA;1;1;
PARIQUERA-ACU ;1;3;4
PARISI;1;1;
PARNAGUA;1;1;
PARNAIBA;3;11;8
PARNAMIRIM;6;12;9
PARNARAMA ;1;2;1
PAROBE;3;13;6
PASSA E FICA;1;1;
PASSA QUATRO;2;5;3
PASSA SETE;1;;1
PASSA TEMPO ;1;2;1
PASSA VINTE ;1;1;
PASSABEM;1;1;
PASSAGEM FRANCA ;1;2;1
PASSIRA ;2;4;
PASSO DE CAMARAGIBE ;2;2;
PASSO DE TORRES ;1;1;
PASSO DO SOBRADO;1;1;2
PASSO FUNDO ;26;53;24
PASSOS;12;11;8
PASSOS MAIA ;3;2;
PASTOS BONS ;2;3;
PATIS ;1;1;
PATO BRAGADO;4;1;
PATO BRANCO ;23;13;8
PATOS ;4;6;7
PATOS DE MINAS;16;19;10
PATOS DO PIAUI;1;1;
PATROCINIO;6;11;5
PATROCINIO DO MURIAE;2;2;
PATROCINIO PAULISTA ;2;2;2
PATU;;1;1
PATY DO ALFERES ;1;2;3
PAU BRASIL;2;2;
PAU D'ARCO;2;2;1
PAU DOS FERROS;;3;4
PAUDALHO;;3;4
PAUINI;;1;1
PAULA CANDIDO ;1;1;1
PAULA FREITAS ;2;;
PAULICEIA ;1;2;1
PAULINIA;22;17;10
PAULINO NEVES ;1;1;
PAULISTA;10;21;9
PAULISTANA;;3;4
PAULISTAS ;1;1;
PAULO AFONSO;2;18;9
PAULO BENTO ;2;;
PAULO DE FARIA;2;1;3
PAULO FRONTIN ;4;;
PAULO JACINTO ;2;2;
PAULO LOPES ;2;1;1
PAULO RAMOS ;1;2;1
PAVAO ;1;3;1
PAVERAMA;1;2;2
PE DE SERRA ;2;2;
PEABIRU ;3;2;3
PECANHA ;2;1;1
PEDERNEIRAS ;1;5;5
PEDRA ;2;2;
PEDRA AZUL;1;2;2
PEDRA BELA;1;;1
PEDRA BONITA;1;1;
PEDRA BRANCA;1;1;1
PEDRA BRANCA DO AMAPARI ;1;2;1
PEDRA DO INDAIA ;1;1;
PEDRA GRANDE;1;1;
PEDRA LAVRADA ;1;1;
PEDRA PRETA ;2;2;1
PEDRALVA;2;3;1
PEDRAO;1;1;
PEDRAS ALTAS;2;;
PEDRAS DE FOGO;1;4;2
PEDRAS DE MARIA DA CRUZ ;1;1;
PEDRAS GRANDES;2;1;
PEDREGULHO;2;3;4
PEDREIRA;2;4;5
PEDREIRAS ;2;3;4
PEDRINHAS ;1;2;
PEDRINHAS PAULISTA;2;2;1
PEDRINOPOLIS;2;2;
PEDRO AFONSO;2;4;2
PEDRO ALEXANDRE ;1;2;1
PEDRO AVELINO ;1;1;
PEDRO CANARIO ;1;3;3
PEDRO DE TOLEDO ;1;1;
PEDRO DO ROSARIO;1;1;
PEDRO GOMES ;;1;1
PEDRO II;;3;3
PEDRO LEOPOLDO;3;7;4
PEDRO OSORIO;2;1;1
PEDRO VELHO ;2;2;
PEIXE ;2;2;
PEIXE-BOI ;1;1;
PEIXOTO DE AZEVEDO;12;5;3
PEJUCARA;1;1;2
PELOTAS ;22;84;30
PENAFORTE ;1;2;
PENALVA ;;2;1
PENAPOLIS ;5;5;6
PENDENCIAS;1;1;
PENEDO;1;11;4
PENHA ;5;5;2
PENTECOSTE;;2;2
PEQUERI ;1;1;
PEQUI ;1;;
PEQUIZEIRO;1;2;
PERDIGAO;3;2;1
PERDIZES;1;5;2
PERDOES ;2;6;4
PEREIRA BARRETO ;2;5;4
PEREIRAS;1;3;1
PEREIRO ;2;2;
PERI MIRIM;1;1;
PERIQUITO ;1;1;
PERITIBA;2;1;1
PERITORO;2;3;
PEROBAL ;1;;
PEROLA;4;2;2
PEROLA D'OESTE;3;1;
PEROLANDIA;2;2;
PERUIBE ;2;7;6
PESCADOR;1;1;
PESCARIA BRAVA;1;;
PESQUEIRA ;;3;5
PETROLANDIA ;4;4;4
PETROLINA ;12;23;13
PETROLINA DE GOIAS;2;2;2
PETROPOLIS;13;39;31
PIACABUCU ;2;2;
PIACATU ;;2;2
PIANCO;1;1;1
PIATA ;1;2;1
PIAU;;1;
PICADA CAFE ;3;2;1
PICARRA ;1;1;1
PICOS ;5;8;7
PICUI ;1;3;3
PIEDADE ;5;4;6
PIEDADE DE CARATINGA;2;2;
PIEDADE DE PONTE NOVA ;1;1;
PIEDADE DO RIO GRANDE ;1;;
PIEDADE DOS GERAIS;2;2;
PIEN;2;2;3
PILAO ARCADO;;1;1
PILAR ;4;7;2
PILAR DE GOIAS;1;1;
PILAR DO SUL;2;3;3
PILOES;1;1;
PILOEZINHOS ;1;1;
PIMENTA ;2;1;1
PIMENTA BUENO ;3;8;4
PIMENTEIRAS ;2;1;
PIMENTEIRAS DO OESTE;1;;
PINDAI;;1;1
PINDAMONHANGABA ;13;12;11
PINDARE MIRIM ;1;3;1
PINDOBACU ;1;2;1
PINDORAMA ;2;4;3
PINDORAMA DO TOCANTINS;1;1;
PINDORETAMA ;2;2;
PINGO D'AGUA;1;1;
PINHAIS ;6;10;9
PINHAL;3;;
PINHAL DA SERRA ;2;;
PINHAL DE SAO BENTO ;2;;
PINHAL GRANDE ;1;1;2
PINHALAO;1;;1
PINHALZINHO ;5;4;4
PINHAO;4;4;3
PINHEIRAL ;;3;4
PINHEIRINHO DO VALE ;2;;1
PINHEIRO;1;7;5
PINHEIRO MACHADO;2;3;3
PINHEIRO PRETO;5;2;
PINHEIROS ;4;5;4
PINTADAS;1;1;
PINTO BANDEIRA;2;;
PINTOPOLIS;1;1;
PIO IX;1;1;
PIO XII ;2;2;
PIQUEROBI ;2;2;
PIQUET CARNEIRO ;2;2;
PIQUETE ;1;3;2
PIRACAIA;1;2;6
PIRACANJUBA ;;3;4
PIRACEMA;1;2;1
PIRACICABA;67;65;53
PIRACURUCA;1;2;3
PIRAI ;3;4;5
PIRAI DO NORTE;1;1;
PIRAI DO SUL;3;4;3
PIRAJU;2;4;6
PIRAJUBA;2;2;1
PIRAJUI ;1;4;4
PIRAMBU ;;;1
PIRANGA ;2;2;1
PIRANGI ;1;2;3
PIRANGUCU ;1;1;
PIRANGUINHO ;3;1;
PIRANHAS;3;7;5
PIRAPEMAS ;1;1;
PIRAPETINGA ;2;3;1
PIRAPO;3;1;
PIRAPORA;3;4;5
PIRAPORA DO BOM JESUS ;2;4;1
PIRAPOZINHO ;2;4;5
PIRAQUARA ;1;6;4
PIRASSUNUNGA;15;9;8
PIRATINI;2;1;2
PIRATININGA ;1;1;1
PIRATUBA;2;1;1
PIRAUBA ;1;5;2
PIRENOPOLIS ;1;3;4
PIRES DO RIO;2;5;4
PIRES FERREIRA;1;1;
PIRIPA;1;2;
PIRIPIRI;1;3;4
PIRITIBA;2;2;1
PIRPIRITUBA ;1;2;1
PITANGA ;4;4;4
PITANGUEIRAS;7;7;4
PITANGUI;2;4;4
PITIMBU ;1;2;
PIUM;2;1;
PIUMA ;2;4;3
PIUMHI;5;6;4
PLACAS;2;1;
PLACIDO DE CASTRO ;1;4;2
PLANALTINA;;6;5
PLANALTINA DO PARANA;2;1;1
PLANALTINO;;1;1
PLANALTO;11;7;5
PLANALTO ALEGRE ;2;;
PLANURA ;1;2;1
PLATINA ;1;1;
POA ;6;10;7
POCAO ;1;1;
POCAO DE PEDRAS ;;1;1
POCINHOS;1;2;1
POCO BRANCO ;1;1;
POCO DANTAS ;1;1;
POCO DAS ANTAS;2;;
POCO DAS TRINCHEIRAS;2;2;
POCO FUNDO;2;3;2
POCO REDONDO;2;1;1
POCO VERDE;1;3;3
POCOES;1;3;3
POCONE;7;3;2
POCOS DE CALDAS ;24;33;18
POCRANE ;1;3;1
POJUCA;1;5;3
POLONI;2;2;1
POMBAL;1;4;4
POMBOS;2;5;
POMERODE;9;6;4
POMPEIA ;2;3;4
POMPEU;2;9;2
PONGAI;;1;1
PONTA DE PEDRAS ;1;1;1
PONTA GROSSA;37;45;29
PONTA PORA;5;17;5
PONTAL;2;4;5
PONTAL DO ARAGUAIA;1;1;
PONTAL DO PARANA;2;4;3
PONTALINA ;1;3;4
PONTALINDA;;1;
PONTAO;1;;1
PONTE ALTA;3;1;
PONTE ALTA DO BOM JESUS ;1;1;
PONTE ALTA DO NORTE ;4;1;
PONTE ALTA DO TOCANTINS ;1;1;
PONTE NOVA;5;11;6
PONTE PRETA ;4;1;
PONTE SERRADA ;3;2;1
PONTES E LACERDA;5;4;4
PONTES GESTAL ;1;1;
PONTO BELO;1;2;1
PONTO DOS VOLANTES;2;1;
PONTO NOVO;3;1;
POPULINA;1;1;1
PORANGA ;1;1;
PORANGABA ;2;2;1
PORANGATU ;4;3;4
PORCIUNCULA ;2;3;3
PORECATU;1;3;4
PORTALEGRE;1;1;
PORTAO;1;14;5
PORTEIRAO ;1;1;
PORTEIRAS ;1;3;1
PORTEIRINHA ;2;3;3
PORTEL;;2;2
PORTELANDIA ;2;1;
PORTO ;2;2;
PORTO ACRE;1;3;1
PORTO ALEGRE;236;527;347
PORTO ALEGRE DO NORTE ;;2;1
PORTO ALEGRE DO TOCANTINS ;1;1;
PORTO AMAZONAS;;;1
PORTO BARREIRO;2;1;
PORTO BELO;2;5;2
PORTO CALVO ;;3;3
PORTO DA FOLHA;1;3;2
PORTO DE MOZ;1;3;2
PORTO DE PEDRAS ;1;1;
PORTO DOS GAUCHOS ;1;1;1
PORTO ESPERIDIAO;3;3;
PORTO ESTRELA ;2;2;
PORTO FELIZ ;3;4;5
PORTO FERREIRA;9;4;5
PORTO FIRME ;2;3;
PORTO FRANCO;;2;3
PORTO GRANDE;1;3;1
PORTO LUCENA;3;3;1
PORTO MAUA;2;;
PORTO MURTINHO;;5;3
PORTO NACIONAL;2;4;5
PORTO REAL;4;4;4
PORTO REAL DO COLEGIO ;2;2;
PORTO RICO;2;1;
PORTO RICO DO MARANHAO;1;1;
PORTO SEGURO;5;15;8
PORTO UNIAO ;7;4;4
PORTO VELHO ;43;53;36
PORTO VERA CRUZ ;2;1;
PORTO VITORIA ;1;1;
PORTO WALTER;1;1;
PORTO XAVIER;2;2;2
POSSE ;2;3;4
POTE;2;2;1
POTENGI ;2;2;
POTIM ;1;3;1
POTIRAGUA ;;1;1
POTIRENDABA ;;1;4
POTIRETAMA;1;1;
POUSO ALEGRE;25;37;16
POUSO ALTO;;1;1
POUSO NOVO;1;1;1
POUSO REDONDO ;3;4;3
POXOREU ;3;2;1
PRACUUBA;;1;
PRADO ;2;3;2
PRADO FERREIRA;2;1;
PRADOPOLIS;2;4;3
PRADOS;2;3;
PRAIA DA PIPA ;1;;
PRAIA GRANDE;14;26;21
PRAIA NORTE ;1;1;
PRAINHA ;;1;1
PRANCHITA ;3;1;
PRATA ;4;3;4
PRATANIA;;1;1
PRATAPOLIS;1;3;1
PRATINHA;1;2;
PRESIDENTE ALVES;;;1
PRESIDENTE BERNARDES;3;3;2
PRESIDENTE CASTELO BRANCO ;4;2;
PRESIDENTE DUTRA;3;6;5
PRESIDENTE EPITACIO ;3;4;5
PRESIDENTE FIGUEIREDO ;2;4;3
PRESIDENTE GETULIO;5;4;3
PRESIDENTE JANIO QUADROS;;2;1
PRESIDENTE JUSCELINO;2;2;
PRESIDENTE KENNEDY;1;3;3
PRESIDENTE KUBITSCHEK ;1;1;
PRESIDENTE LUCENA ;1;;
PRESIDENTE MEDICI ;5;3;2
PRESIDENTE NEREU;2;1;
PRESIDENTE OLEGARIO ;2;4;2
PRESIDENTE PRUDENTE ;37;29;34
PRESIDENTE SARNEY ;;2;1
PRESIDENTE TANCREDO NEVES ;1;2;1
PRESIDENTE VARGAS ;1;1;
PRESIDENTE VENCESLAU;4;5;5
PRIMAVERA ;2;2;1
PRIMAVERA DE RONDONIA ;1;;
PRIMAVERA DO LESTE;8;5;6
PRIMEIRA CRUZ ;1;1;
PRIMEIRO DE MAIO;2;3;3
PRINCESA;3;;
PRINCESA ISABEL ;;2;2
PROFESSOR JAMIL ;1;1;
PROGRESSO ;1;;1
PROMISSAO ;4;4;5
PROPRIA ;;3;5
PROTASIO ALVES;2;;
PRUDENTE DE MORAIS;2;1;
PRUDENTOPOLIS ;4;5;4
PUREZA;1;1;
PUTINGA ;1;;1
PUXINANA;2;1;
QUARAI;2;5;3
QUARTEL GERAL ;1;1;
QUARTO CENTENARIO ;2;1;
QUATA ;1;3;3
QUATIGUA;3;1;1
QUATIPURU ;1;1;
QUATIS;1;4;2
QUATRO BARRAS ;1;2;3
QUATRO IRMAOS ;2;;
QUATRO PONTES ;3;1;1
QUEBRANGULO ;2;2;
QUEDAS DO IGUACU;4;4;4
QUEIMADAS ;4;6;5
QUEIMADOS ;2;10;8
QUEIROZ ;;;1
QUELUZ;1;1;2
QUERENCIA ;3;2;3
QUERENCIA DO NORTE;3;2;
QUEVEDOS;1;;1
QUIJINGUE ;2;3;1
QUILOMBO;4;4;2
QUINTA DO SOL ;;;1
QUINTANA;2;3;
QUINZE DE NOVEMBRO;2;;
QUIPAPA ;2;2;
QUIRINOPOLIS;4;6;4
QUISSAMA;;3;4
QUITANDINHA ;3;2;1
QUITERIANOPOLIS ;2;2;
QUIXABA ;1;1;
QUIXABEIRA;2;1;
QUIXADA ;4;4;6
QUIXELO ;2;3;
QUIXERAMOBIM;1;3;4
QUIXERE ;1;2;1
RAFAEL FERNANDES;1;1;
RAFAEL JAMBEIRO ;2;2;
RAFARD;2;3;1
RAMILANDIA;1;1;
RANCHARIA ;2;5;5
RANCHO ALEGRE ;1;;
RANCHO ALEGRE D'OESTE ;1;1;
RANCHO QUEIMADO ;3;2;1
RAPOSA;1;1;
RAPOSOS ;1;3;
RAUL SOARES ;1;6;2
REALEZA ;4;3;4
REBOUCAS;3;1;2
RECIFE;147;288;206
RECREIO ;1;2;
REDENCAO;3;13;10
REDENCAO DA SERRA ;;1;1
REDENCAO DO GURGUEIA;1;1;
REDENTORA ;2;;1
REDUTO;1;2;
REGENERACAO ;1;2;1
REGENTE FEIJO ;3;2;4
REGINOPOLIS ;1;2;1
REGISTRO;3;6;6
RELVADO ;2;1;
REMANSO ;;3;3
REMIGIO ;2;2;
RENASCENCA;5;1;
RERIUTABA ;2;3;
RESENDE ;13;20;16
RESENDE COSTA ;2;5;1
RESERVA ;5;2;2
RESERVA DO CABACAL;1;;
RESERVA DO IGUACU ;3;;
RESPLENDOR;3;4;2
RESSAQUINHA ;1;1;
RESTINGA;1;1;1
RESTINGA SECA ;3;4;3
RETIROLANDIA;3;1;
RIACHAO ;1;2;1
RIACHAO DAS NEVES ;1;3;2
RIACHAO DO DANTAS ;1;2;1
RIACHAO DO JACUIPE;;3;3
RIACHINHO ;2;3;1
RIACHO DAS ALMAS;1;1;
RIACHO DE SANTANA ;;3;3
RIACHO DOS CAVALOS;1;1;
RIACHO DOS MACHADOS ;1;1;
RIACHUELO ;1;1;1
RIALMA;2;2;1
RIANAPOLIS;1;1;
RIBAMAR FIQUENE ;1;1;
RIBAS DO RIO PARDO;2;4;2
RIBEIRA ;1;1;
RIBEIRA DO AMPARO ;1;2;
RIBEIRA DO POMBAL ;1;3;3
RIBEIRAO;;4;4
RIBEIRAO BONITO ;1;2;2
RIBEIRAO BRANCO ;1;3;
RIBEIRAO CASCALHEIRA;2;1;1
RIBEIRAO CLARO;3;4;3
RIBEIRAO CORRENTE ;3;2;
RIBEIRAO DAS NEVES;7;18;8
RIBEIRAO DO LARGO ;1;1;
RIBEIRAO DO PINHAL;2;2;2
RIBEIRAO DO SUL ;1;1;1
RIBEIRAO GRANDE ;1;2;
RIBEIRAO PIRES;9;15;9
RIBEIRAO PRETO;76;101;124
RIBEIRAO VERMELHO ;;1;1
RIBEIRAOZINHO ;1;;
RIBEIRO GONCALVES ;;1;1
RIBEIROPOLIS;1;3;3
RIFAINA ;1;;1
RINCAO;;2;2
RINOPOLIS ;1;2;2
RIO ACIMA ;2;4;1
RIO AZUL;3;2;2
RIO BANANAL ;4;4;1
RIO BOM ;1;;
RIO BONITO;1;5;6
RIO BONITO DO IGUACU;3;2;2
RIO BRANCO;18;51;27
RIO BRANCO DO SUL ;3;3;3
RIO BRILHANTE ;3;3;3
RIO CASCA ;1;5;3
RIO CLARO ;23;25;22
RIO CRESPO;2;1;
RIO DAS ANTAS ;3;1;
RIO DAS FLORES;1;2;1
RIO DAS OSTRAS;3;8;10
RIO DAS PEDRAS;2;8;4
RIO DE CONTAS ;1;2;1
RIO DE JANEIRO;537;1220;1036
RIO DO ANTONIO;1;2;1
RIO DO CAMPO;3;2;1
RIO DO FOGO ;1;1;
RIO DO OESTE;3;1;1
RIO DO PIRES;;2;1
RIO DO PRADO;1;;
RIO DO SUL;14;16;8
RIO DOS CEDROS;2;2;1
RIO DOS INDIOS;2;;
RIO ESPERA;1;1;
RIO FORMOSO ;2;2;1
RIO FORTUNA ;2;1;
RIO GRANDE;17;54;17
RIO GRANDE DA SERRA ;4;3;2
RIO GRANDE DO PIAUI ;1;1;
RIO LARGO ;1;4;4
RIO MANSO ;1;3;
RIO MARIA ;1;2;3
RIO NEGRINHO;5;4;4
RIO NEGRO ;6;5;3
RIO NOVO;2;3;1
RIO NOVO DO SUL ;2;3;2
RIO PARANAIBA ;2;4;2
RIO PARDO ;3;11;3
RIO PARDO DE MINAS;1;2;1
RIO PIRACICABA;2;3;1
RIO POMBA ;1;4;4
RIO PRETO ;;1;1
RIO PRETO DA EVA;3;5;2
RIO QUENTE;3;2;
RIO REAL;1;3;3
RIO RUFINO;1;;
RIO SONO;1;1;
RIO TINTO ;1;2;1
RIO VERDE ;11;28;19
RIO VERDE DE MATO GROSSO;2;3;2
RIO VERMELHO;2;1;1
RIOLANDIA ;;;3
RIOZINHO;1;;1
RIQUEZA ;2;2;1
RITAPOLIS ;2;2;
RIVERSUL;2;1;
ROCA SALES;1;2;3
ROCHEDO ;2;2;
ROCHEDO DE MINAS;1;;
RODEIO;3;2;1
RODEIO BONITO ;2;;1
RODEIRO ;3;5;
RODELAS ;;1;1
RODOLFO FERNANDES ;1;1;
RODRIGUES ALVES ;2;3;
ROLADOR ;1;1;
ROLANDIA;7;7;5
ROLANTE ;3;4;3
ROLIM DE MOURA;3;4;5
ROMARIA ;3;3;
ROMELANDIA;1;1;1
RONCADOR;3;1;2
RONDA ALTA;3;3;2
RONDINHA;2;1;2
RONDOLANDIA ;1;;
RONDON;2;2;2
RONDON DO PARA;1;3;5
RONDONOPOLIS;12;19;16
ROQUE GONZALES;3;1;2
RORAINOPOLIS;2;5;2
ROSANA;5;3;2
ROSARIO ;;4;3
ROSARIO DA LIMEIRA;2;1;
ROSARIO DO CATETE ;;;1
ROSARIO DO IVAI ;1;1;1
ROSARIO DO SUL;4;9;4
ROSARIO OESTE ;2;2;1
ROSEIRA ;2;2;1
ROTEIRO ;1;1;
RUBIACEA;1;1;
RUBIATABA ;;3;4
RUBIM ;1;2;1
RUBINEIA;1;1;
RUROPOLIS ;2;2;1
RUSSAS;5;4;4
RUY BARBOSA ;1;3;3
SABARA;5;10;8
SABAUDIA;3;;1
SABINO;;1;1
SABINOPOLIS ;2;1;1
SABOEIRO;1;1;
SACRAMENTO;1;7;4
SAGRADA FAMILIA ;2;;
SAGRES;1;1;
SAIRE ;2;2;
SALDANHA MARINHO;1;1;1
SALES ;1;1;1
SALES OLIVEIRA;3;3;2
SALESOPOLIS ;1;2;3
SALETE;3;1;1
SALGADINHO;1;2;
SALGADO ;4;4;
SALGADO DE SAO FELIX;2;2;
SALGADO FILHO ;3;;
SALGUEIRO ;1;7;5
SALINAS ;1;4;4
SALINAS DA MARGARIDA;2;3;
SALINOPOLIS ;;9;4
SALITRE ;1;;
SALMOURAO ;;1;1
SALOA ;2;2;
SALTINHO;5;1;
SALTO ;13;13;9
SALTO DA DIVISA ;;1;1
SALTO DE PIRAPORA ;2;6;3
SALTO DO CEU;1;;
SALTO DO ITARARE;;;1
SALTO DO JACUI;2;5;3
SALTO DO LONTRA ;4;3;2
SALTO GRANDE;2;2;1
SALTO VELOSO;3;2;
SALVADOR;150;362;254
SALVADOR DAS MISSOES;3;;
SALVADOR DO SUL ;2;2;2
SALVATERRA;1;1;1
SAMBAIBA;1;1;
SAMPAIO ;1;1;
SANANDUVA ;3;3;3
SANCLERLANDIA ;;2;2
SANDOLANDIA ;1;1;
SANDOVALINA ;1;1;
SANGAO;3;2;
SANHARO ;2;3;1
SANTA ADELIA;1;3;4
SANTA ALBERTINA ;1;2;1
SANTA AMELIA;2;1;
SANTA BARBARA ;3;7;5
SANTA BARBARA D'OESTE ;17;17;11
SANTA BARBARA DE GOIAS;;;1
SANTA BARBARA DO LESTE;2;3;
SANTA BARBARA DO PARA ;1;4;1
SANTA BARBARA DO SUL;2;2;2
SANTA BARBARA DO TUGURIO;1;1;
SANTA BRANCA;4;2;1
SANTA BRIGIDA ;;2;1
SANTA CARMEM;2;;
SANTA CECILIA ;2;3;1
SANTA CECILIA DO PAVAO;;1;1
SANTA CECILIA DO SUL;2;;
SANTA CLARA D'OESTE ;1;1;
SANTA CLARA DO SUL;2;1;1
SANTA CRUZ;2;6;4
SANTA CRUZ CABRALIA ;;3;2
SANTA CRUZ DA BAIXA VERDE ;1;1;
SANTA CRUZ DA CONCEICAO ;2;2;1
SANTA CRUZ DA VITORIA ;;1;1
SANTA CRUZ DAS PALMEIRAS;4;3;4
SANTA CRUZ DE GOIAS ;1;1;
SANTA CRUZ DE MINAS ;1;1;
SANTA CRUZ DO ARARI ;1;1;
SANTA CRUZ DO CAPIBARIBE;3;8;7
SANTA CRUZ DO ESCALVADO ;1;1;
SANTA CRUZ DO MONTE CASTELO ;3;1;1
SANTA CRUZ DO PIAUI ;1;1;
SANTA CRUZ DO RIO PARDO ;8;7;5
SANTA CRUZ DO SUL ;20;38;17
SANTA CRUZ DO XINGU ;1;;
SANTA EFIGENIA DE MINAS ;1;2;
SANTA ERNESTINA ;1;2;1
SANTA FE;3;2;2
SANTA FE DE GOIAS ;2;1;
SANTA FE DE MINAS ;1;1;
SANTA FE DO ARAGUAIA;2;2;
SANTA FE DO SUL ;2;5;5
SANTA FILOMENA;1;1;
SANTA FILOMENA DO MARANHAO;1;1;
SANTA GERTRUDES ;2;3;4
SANTA HELENA;11;7;5
SANTA HELENA DE GOIAS ;2;5;4
SANTA HELENA DE MINAS ;1;2;
SANTA INES;4;8;8
SANTA ISABEL;3;5;5
SANTA ISABEL DO IVAI;3;3;2
SANTA ISABEL DO PARA;1;8;4
SANTA ISABEL DO RIO NEGRO ;1;1;
SANTA IZABEL DO OESTE ;4;3;1
SANTA JULIANA ;2;4;1
SANTA LEOPOLDINA;1;2;2
SANTA LUCIA ;4;2;1
SANTA LUZIA ;7;24;16
SANTA LUZIA D'OESTE ;2;2;1
SANTA LUZIA DO ITANHY ;1;1;
SANTA LUZIA DO NORTE;1;2;
SANTA LUZIA DO PARA ;1;1;1
SANTA LUZIA DO PARUA;;2;2
SANTA MARGARIDA ;3;5;1
SANTA MARIA ;33;94;32
SANTA MARIA DA BOA VISTA;;2;3
SANTA MARIA DA SERRA;1;1;1
SANTA MARIA DA VITORIA;;3;4
SANTA MARIA DAS BARREIRAS ;1;2;
SANTA MARIA DE ITABIRA;1;2;1
SANTA MARIA DE JETIBA ;3;5;3
SANTA MARIA DO CAMBUCA;1;1;
SANTA MARIA DO HERVAL ;1;;1
SANTA MARIA DO OESTE;4;2;
SANTA MARIA DO PARA ;1;5;2
SANTA MARIA DO SALTO;2;1;
SANTA MARIA DO SUACUI ;1;2;2
SANTA MARIA MADALENA;2;2;2
SANTA MARIANA ;3;1;2
SANTA MERCEDES;1;1;
SANTA MONICA;2;1;
SANTA QUITERIA;1;3;4
SANTA QUITERIA DO MARANHAO;1;2;1
SANTA RITA;3;10;7
SANTA RITA D'OESTE;;1;1
SANTA RITA DE CALDAS;1;4;1
SANTA RITA DE CASSIA;1;3;2
SANTA RITA DE IBITIPOCA ;1;1;
SANTA RITA DE JACUTINGA ;1;1;
SANTA RITA DE MINAS ;1;1;
SANTA RITA DO ARAGUAIA;;1;1
SANTA RITA DO ITUETO;1;1;
SANTA RITA DO PARDO ;2;2;
SANTA RITA DO PASSA QUATRO;1;3;5
SANTA RITA DO SAPUCAI ;6;7;5
SANTA RITA DO TRIVELATO ;2;;
SANTA ROSA;11;22;9
SANTA ROSA DA SERRA ;1;1;
SANTA ROSA DE GOIAS ;2;1;
SANTA ROSA DE LIMA;2;3;
SANTA ROSA DE VITERBO ;2;3;4
SANTA ROSA DO SUL ;5;2;
SANTA ROSA DO TOCANTINS ;1;1;
SANTA SALETE;1;;
SANTA TERESA;2;8;4
SANTA TERESINHA ;1;1;
SANTA TEREZA;2;;
SANTA TEREZA DE GOIAS ;1;1;
SANTA TEREZA DO OESTE ;7;4;
SANTA TEREZINHA ;10;3;
SANTA TEREZINHA DE GOIAS;1;3;3
SANTA TEREZINHA DE ITAIPU ;3;1;2
SANTA TEREZINHA DO PROGRESSO;1;;
SANTA VITORIA ;2;3;2
SANTA VITORIA DO PALMAR ;4;4;4
SANTALUZ;1;3;3
SANTANA ;2;15;9
SANTANA DA BOA VISTA;2;;1
SANTANA DA PONTE PENSA;1;1;1
SANTANA DA VARGEM ;1;2;1
SANTANA DE CATAGUASES ;1;2;
SANTANA DE PARNAIBA ;11;24;14
SANTANA DE PIRAPAMA ;1;1;1
SANTANA DO ACARAU ;1;3;1
SANTANA DO ARAGUAIA ;2;3;4
SANTANA DO CARIRI ;1;2;1
SANTANA DO DESERTO;1;1;
SANTANA DO IPANEMA;2;3;4
SANTANA DO ITARARE;2;1;
SANTANA DO JACARE ;;1;1
SANTANA DO LIVRAMENTO ;5;16;7
SANTANA DO MANHUACU ;3;4;
SANTANA DO MARANHAO ;1;1;
SANTANA DO MATOS;2;2;
SANTANA DO MUNDAU ;1;1;
SANTANA DO PARAISO;2;1;1
SANTANA DO RIACHO ;2;1;
SANTANA DO SAO FRANCISCO;;1;
SANTANA DOS GARROTES;1;1;
SANTANA DOS MONTES;1;1;
SANTANOPOLIS;1;1;
SANTAREM;12;35;15
SANTAREM NOVO ;1;1;
SANTIAGO;4;10;6
SANTIAGO DO SUL ;2;;
SANTO AFONSO;1;;
SANTO AMARO ;2;7;5
SANTO AMARO DA IMPERATRIZ ;3;3;3
SANTO AMARO DAS BROTAS;1;1;1
SANTO AMARO DO MARANHAO ;1;1;
SANTO ANASTACIO ;1;3;5
SANTO ANDRE ;74;113;84
SANTO ANGELO;10;22;8
SANTO ANTONIO ;;2;3
SANTO ANTONIO DA ALEGRIA;3;2;
SANTO ANTONIO DA BARRA;2;1;
SANTO ANTONIO DA PATRULHA ;3;5;5
SANTO ANTONIO DA PLATINA;7;5;4
SANTO ANTONIO DAS MISSOES ;2;1;1
SANTO ANTONIO DE GOIAS;1;2;
SANTO ANTONIO DE JESUS;2;5;8
SANTO ANTONIO DE LISBOA ;1;1;
SANTO ANTONIO DE PADUA;2;5;4
SANTO ANTONIO DE POSSE;3;3;4
SANTO ANTONIO DO AMPARO ;2;3;3
SANTO ANTONIO DO ARACANGUA;2;2;
SANTO ANTONIO DO AVENTUREIRO;1;;
SANTO ANTONIO DO CAIUA;1;1;
SANTO ANTONIO DO DESCOBERTO ;;2;4
SANTO ANTONIO DO GRAMA;1;1;
SANTO ANTONIO DO ICA;;1;1
SANTO ANTONIO DO ITAMBE ;;1;
SANTO ANTONIO DO JACINTO;2;2;1
SANTO ANTONIO DO JARDIM ;2;1;1
SANTO ANTONIO DO LESTE;1;1;
SANTO ANTONIO DO LEVERGER ;1;2;1
SANTO ANTONIO DO MONTE;3;7;3
SANTO ANTONIO DO PALMA;2;1;
SANTO ANTONIO DO PARAISO;1;;
SANTO ANTONIO DO PINHAL ;1;2;1
SANTO ANTONIO DO PLANALTO ;2;;1
SANTO ANTONIO DO RIO ABAIXO ;1;1;
SANTO ANTONIO DO SUDOESTE ;3;3;4
SANTO ANTONIO DO TAUA ;2;5;1
SANTO ANTONIO DOS LOPES ;2;2;
SANTO AUGUSTO ;3;4;3
SANTO CRISTO;1;2;4
SANTO ESTEVAO ;1;5;3
SANTO EXPEDITO;1;1;1
SANTO EXPEDITO DO SUL ;2;;
SANTO HIPOLITO;1;1;
SANTO INACIO;2;2;1
SANTOPOLIS DO AGUAPEI ;1;1;1
SANTOS;59;75;84
SANTOS DUMONT ;2;3;5
SAO BENEDITO;2;4;4
SAO BENEDITO DO RIO PRETO ;1;2;1
SAO BENEDITO DO SUL ;1;2;
SAO BENTO ;;5;5
SAO BENTO ABADE ;2;1;
SAO BENTO DO NORTE;1;1;
SAO BENTO DO SAPUCAI;1;3;3
SAO BENTO DO SUL;17;15;7
SAO BENTO DO TOCANTINS;1;1;
SAO BENTO DO UNA;;2;3
SAO BERNARDINO;3;;
SAO BERNARDO;;2;2
SAO BERNARDO DO CAMPO ;96;117;97
SAO BONIFACIO ;2;2;
SAO BORJA ;5;6;7
SAO BRAS DO SUACUI;1;2;
SAO CAETANO DE ODIVELAS ;1;1;1
SAO CAETANO DO SUL;33;59;43
SAO CAITANO ;1;2;1
SAO CARLOS;35;36;35
SAO CARLOS DO IVAI;3;1;1
SAO CRISTOVAO ;;8;5
SAO CRISTOVAO DO SUL;4;3;
SAO DESIDERIO ;3;4;2
SAO DOMINGOS;11;7;3
SAO DOMINGOS DAS DORES;1;1;
SAO DOMINGOS DO ARAGUAIA;;2;2
SAO DOMINGOS DO CAPIM ;1;3;1
SAO DOMINGOS DO MARANHAO;1;2;1
SAO DOMINGOS DO NORTE ;1;2;1
SAO DOMINGOS DO PRATA ;2;4;2
SAO DOMINGOS DO SUL ;3;;1
SAO FELIPE;1;1;1
SAO FELIPE D'OESTE;2;1;
SAO FELIX ;;1;1
SAO FELIX DE BALSAS ;1;1;
SAO FELIX DE MINAS;2;2;
SAO FELIX DO ARAGUAIA ;;2;2
SAO FELIX DO CORIBE ;2;2;
SAO FELIX DO PIAUI;1;1;
SAO FELIX DO XINGU;;3;5
SAO FIDELIS ;3;3;4
SAO FRANCISCO ;2;4;4
SAO FRANCISCO DE ASSIS;2;4;3
SAO FRANCISCO DE ASSIS DO PIAUI ;1;1;
SAO FRANCISCO DE GOIAS;2;2;1
SAO FRANCISCO DE ITABAPOANA ;6;7;4
SAO FRANCISCO DE PAULA;5;8;3
SAO FRANCISCO DE SALES;1;4;
SAO FRANCISCO DO BREJAO ;2;1;
SAO FRANCISCO DO CONDE;2;7;4
SAO FRANCISCO DO GLORIA ;1;1;
SAO FRANCISCO DO GUAPORE;2;2;2
SAO FRANCISCO DO MARANHAO ;1;1;
SAO FRANCISCO DO PARA ;2;3;
SAO FRANCISCO DO PIAUI;1;1;
SAO FRANCISCO DO SUL;4;6;4
SAO GABRIEL ;6;14;8
SAO GABRIEL DA CACHOEIRA;;6;2
SAO GABRIEL DA PALHA;2;5;4
SAO GABRIEL DO OESTE;2;4;3
SAO GERALDO ;;;1
SAO GERALDO DO ARAGUAIA ;;2;3
SAO GERALDO DO BAIXIO ;1;1;
SAO GONCALO ;16;39;42
SAO GONCALO DO ABAETE ;1;2;1
SAO GONCALO DO AMARANTE ;4;13;9
SAO GONCALO DO PARA ;2;1;1
SAO GONCALO DO PIAUI;1;1;
SAO GONCALO DO RIO ABAIXO ;3;5;1
SAO GONCALO DO RIO PRETO;1;2;
SAO GONCALO DO SAPUCAI;;6;4
SAO GONCALO DOS CAMPOS;;3;2
SAO GOTARDO ;2;14;5
SAO JERONIMO;4;4;4
SAO JERONIMO DA SERRA ;2;2;2
SAO JOAO;5;7;3
SAO JOAO BATISTA;4;7;4
SAO JOAO BATISTA DO GLORIA;1;2;
SAO JOAO D'ALIANCA;1;;1
SAO JOAO DA BALIZA;;3;1
SAO JOAO DA BARRA ;1;6;4
SAO JOAO DA BOA VISTA ;13;14;6
SAO JOAO DA CANABRAVA ;1;1;
SAO JOAO DA LAGOA ;1;1;
SAO JOAO DA MATA;2;1;
SAO JOAO DA PONTA ;1;1;
SAO JOAO DA PONTE ;;2;2
SAO JOAO DA SERRA ;1;1;
SAO JOAO DA URTIGA;2;;1
SAO JOAO DAS DUAS PONTES;1;1;
SAO JOAO DAS MISSOES;1;1;
SAO JOAO DE IRACEMA ;1;1;
SAO JOAO DE MERITI;10;25;18
SAO JOAO DE PIRABAS ;1;1;1
SAO JOAO DEL REI;6;16;5
SAO JOAO DO ARAGUAIA;1;1;
SAO JOAO DO CAIUA ;1;1;1
SAO JOAO DO CARIRI;1;1;
SAO JOAO DO ITAPERIU;2;1;
SAO JOAO DO IVAI;3;2;3
SAO JOAO DO JAGUARIBE ;2;2;
SAO JOAO DO MANHUACU;2;4;
SAO JOAO DO MANTENINHA;2;2;1
SAO JOAO DO OESTE ;4;2;
SAO JOAO DO ORIENTE ;3;2;
SAO JOAO DO PARAISO ;1;5;3
SAO JOAO DO PAU D'ALHO;1;1;
SAO JOAO DO PIAUI ;;3;4
SAO JOAO DO POLESINE;3;1;
SAO JOAO DO RIO DO PEIXE;1;3;2
SAO JOAO DO SABUGI;1;1;
SAO JOAO DO SOTER ;1;1;
SAO JOAO DO SUL ;1;1;1
SAO JOAO DO TRIUNFO ;4;3;1
SAO JOAO DOS PATOS;;4;4
SAO JOAO EVANGELISTA;2;2;2
SAO JOAO NEPOMUCENO ;3;4;3
SAO JOAQUIM ;2;4;3
SAO JOAQUIM DA BARRA;3;2;6
SAO JOAQUIM DE BICAS;4;3;
SAO JOAQUIM DO MONTE;1;2;1
SAO JORGE ;2;1;2
SAO JORGE D'OESTE ;4;1;
SAO JORGE DO IVAI ;2;2;1
SAO JORGE DO PATROCINIO ;3;1;
SAO JOSE;29;34;25
SAO JOSE DA BARRA ;2;3;1
SAO JOSE DA BELA VISTA;2;2;1
SAO JOSE DA BOA VISTA ;2;1;
SAO JOSE DA COROA GRANDE;2;2;
SAO JOSE DA LAGOA TAPADA;1;1;
SAO JOSE DA LAJE;1;3;1
SAO JOSE DA LAPA;3;3;2
SAO JOSE DA SAFIRA;1;1;
SAO JOSE DA TAPERA;1;2;2
SAO JOSE DA VARGINHA;1;1;
SAO JOSE DA VITORIA ;1;1;
SAO JOSE DAS MISSOES;2;1;
SAO JOSE DAS PALMEIRAS;2;;
SAO JOSE DE CAIANA;1;1;
SAO JOSE DE ESPINHARAS;1;1;
SAO JOSE DE MIPIBU;;3;3
SAO JOSE DE PIRANHAS;1;2;1
SAO JOSE DE RIBAMAR ;;7;5
SAO JOSE DE UBA ;1;2;1
SAO JOSE DO ALEGRE;2;2;
SAO JOSE DO BARREIRO;1;1;
SAO JOSE DO BELMONTE;1;2;1
SAO JOSE DO CALCADO ;2;4;3
SAO JOSE DO CAMPESTRE ;2;2;
SAO JOSE DO CEDRO ;4;2;2
SAO JOSE DO CERRITO ;1;1;1
SAO JOSE DO DIVINO;1;1;1
SAO JOSE DO EGITO ;;3;3
SAO JOSE DO GOIABAL ;1;1;1
SAO JOSE DO HERVAL;2;;
SAO JOSE DO HORTENCIO ;1;;1
SAO JOSE DO INHACORA;1;;
SAO JOSE DO JACUIPE ;2;1;
SAO JOSE DO JACURI;1;1;1
SAO JOSE DO MANTIMENTO;1;1;
SAO JOSE DO NORTE ;1;4;3
SAO JOSE DO OURO;2;1;2
SAO JOSE DO PEIXE ;1;1;
SAO JOSE DO POVO;1;;
SAO JOSE DO RIO CLARO ;1;3;2
SAO JOSE DO RIO PARDO ;6;9;7
SAO JOSE DO RIO PRETO ;60;66;73
SAO JOSE DO SABUGI;1;1;
SAO JOSE DO SERIDO;1;1;
SAO JOSE DO SUL ;1;;
SAO JOSE DO VALE DO RIO PRETO ;1;2;2
SAO JOSE DO XINGU ;2;1;
SAO JOSE DOS AUSENTES ;1;1;2
SAO JOSE DOS BASILIOS ;1;2;
SAO JOSE DOS CAMPOS ;92;97;85
SAO JOSE DOS PINHAIS;35;36;25
SAO JOSE DOS QUATRO MARCOS;2;2;2
SAO JULIAO;1;1;
SAO LEOPOLDO;19;58;24
SAO LOURENCO;5;7;5
SAO LOURENCO D'OESTE;5;5;3
SAO LOURENCO DA MATA;2;5;5
SAO LOURENCO DA SERRA ;;2;2
SAO LOURENCO DO SUL ;5;11;5
SAO LUDGERO ;3;3;2
SAO LUIS;50;151;83
SAO LUIS DE MONTES BELOS;1;5;4
SAO LUIS DO CURU;1;1;
SAO LUIS DO PARAITINGA;2;2;2
SAO LUIS DO QUITUNDE;1;3;2
SAO LUIS GONZAGA DO MARANHAO;2;2;
SAO LUIZ;1;1;
SAO LUIZ DO NORTE ;2;1;
SAO LUIZ GONZAGA;5;3;4
SAO MAMEDE;1;1;
SAO MANOEL DO PARANA;3;;
SAO MANUEL;2;6;5
SAO MARCOS;4;3;4
SAO MARTINHO;5;2;2
SAO MARTINHO DA SERRA ;1;;1
SAO MATEUS;6;17;7
SAO MATEUS DO MARANHAO;1;2;2
SAO MATEUS DO SUL ;5;3;4
SAO MIGUEL;1;3;2
SAO MIGUEL ARCANJO;1;3;4
SAO MIGUEL D'OESTE;8;8;3
SAO MIGUEL DA BOA VISTA ;1;;
SAO MIGUEL DAS MATAS;1;1;
SAO MIGUEL DAS MISSOES;2;2;2
SAO MIGUEL DE TAIPU ;1;1;
SAO MIGUEL DO ANTA;1;1;
SAO MIGUEL DO ARAGUAIA;2;3;4
SAO MIGUEL DO GOSTOSO ;1;2;
SAO MIGUEL DO GUAMA ;;3;5
SAO MIGUEL DO GUAPORE ;3;3;3
SAO MIGUEL DO IGUACU;6;2;3
SAO MIGUEL DO PASSA QUATRO;2;1;
SAO MIGUEL DO TAPUIO;2;2;
SAO MIGUEL DO TOCANTINS ;1;1;
SAO MIGUEL DOS CAMPOS ;;9;4
SAO MIGUEL DOS MILAGRES ;1;1;
SAO NICOLAU ;1;1;2
SAO PAULO ;1161;1969;2263
SAO PAULO DAS MISSOES ;2;1;2
SAO PAULO DE OLIVENCA ;;2;2
SAO PAULO DO POTENGI;1;1;1
SAO PEDRO ;3;5;6
SAO PEDRO DA AGUA BRANCA;1;1;
SAO PEDRO DA ALDEIA ;4;6;6
SAO PEDRO DA CIPA ;1;;
SAO PEDRO DA SERRA;2;;
SAO PEDRO DA UNIAO;2;3;
SAO PEDRO DAS MISSOES ;1;1;
SAO PEDRO DE ALCANTARA;2;1;
SAO PEDRO DO BUTIA;2;1;
SAO PEDRO DO IGUACU ;3;1;
SAO PEDRO DO IVAI ;1;2;2
SAO PEDRO DO PARANA ;1;;
SAO PEDRO DO PIAUI;;1;1
SAO PEDRO DO SUACUI ;;2;1
SAO PEDRO DO SUL;3;4;3
SAO PEDRO DO TURVO;1;2;2
SAO PEDRO DOS CRENTES ;1;1;
SAO PEDRO DOS FERROS;2;3;
SAO RAFAEL;1;1;
SAO RAIMUNDO DAS MANGABEIRAS;2;3;1
SAO RAIMUNDO NONATO ;1;3;4
SAO ROMAO ;1;1;1
SAO ROQUE ;7;9;7
SAO ROQUE DE MINAS;1;1;
SAO ROQUE DO CANAA;2;3;2
SAO SALVADOR DO TOCANTINS ;1;1;
SAO SEBASTIAO ;5;9;11
SAO SEBASTIAO DA AMOREIRA ;4;1;1
SAO SEBASTIAO DA BELA VISTA ;2;1;
SAO SEBASTIAO DA BOA VISTA;2;1;
SAO SEBASTIAO DA GRAMA;1;5;3
SAO SEBASTIAO DA VARGEM ALEGRE;1;2;
SAO SEBASTIAO DE LAGOA DE ROCA;1;1;
SAO SEBASTIAO DO ALTO ;1;1;1
SAO SEBASTIAO DO ANTA ;1;2;
SAO SEBASTIAO DO CAI;1;3;5
SAO SEBASTIAO DO MARANHAO ;2;1;1
SAO SEBASTIAO DO OESTE;2;2;
SAO SEBASTIAO DO PARAISO;10;15;5
SAO SEBASTIAO DO PASSE;1;5;2
SAO SEBASTIAO DO RIO VERDE;1;1;
SAO SEBASTIAO DO UATUMA ;1;1;
SAO SEBASTIAO DO UMBUZEIRO;1;1;
SAO SEPE;2;2;4
SAO SIMAO ;3;6;8
SAO TIAGO ;2;5;1
SAO TOMAS DE AQUINO ;2;5;1
SAO TOME;3;4;
SAO TOME DAS LETRAS ;;;1
SAO VALENTIM;2;1;1
SAO VALENTIM DO SUL ;2;;
SAO VALERIO DA NATIVIDADE ;1;1;
SAO VALERIO DO SUL;1;;
SAO VENDELINO ;1;;1
SAO VICENTE ;15;17;18
SAO VICENTE DE MINAS;3;1;
SAO VICENTE DO SUL;1;2;2
SAO VICENTE FERRER;2;3;1
SAPE;2;6;4
SAPEACU ;1;2;1
SAPEZAL ;2;3;4
SAPIRANGA ;3;12;7
SAPOPEMA;1;1;
SAPUCAI-MIRIM ;2;2;
SAPUCAIA;2;4;4
SAPUCAIA DO SUL ;2;22;9
SAQUAREMA ;5;4;6
SARANDI ;8;14;9
SARAPUI ;2;2;
SARDOA;2;2;
SARUTAIA;1;1;
SARZEDO ;1;4;3
SATIRO DIAS ;1;1;
SATUBA;1;1;
SATUBINHA ;1;1;
SAUBARA ;1;1;
SAUDADE DO IGUACU ;3;2;
SAUDADES;4;3;1
SAUDE ;;3;2
SCHROEDER ;5;2;1
SEABRA;2;10;4
SEARA ;6;4;2
SEBASTIANOPOLIS DO SUL;2;1;1
SEBASTIAO LARANJEIRAS ;2;2;
SEBERI;4;3;2
SEDE NOVA ;4;1;
SEGREDO ;1;1;1
SELBACH ;1;1;2
SELVIRIA;2;2;
SEM-PEIXE ;1;1;
SENA MADUREIRA;1;3;3
SENADOR ALEXANDRE COSTA ;1;;
SENADOR AMARAL;2;2;
SENADOR CANEDO;4;14;5
SENADOR CORTES;1;1;
SENADOR FIRMINO ;1;2;1
SENADOR GUIOMARD;1;4;2
SENADOR JOSE BENTO;1;;
SENADOR JOSE PORFIRIO ;1;1;1
SENADOR LA ROCQUE ;;1;1
SENADOR POMPEU;1;4;2
SENADOR RUI PALMEIRA;2;1;
SENADOR SA;1;1;
SENADOR SALGADO FILHO ;3;;
SENGES;2;3;2
SENHOR DO BONFIM;3;4;5
SENHORA DE OLIVEIRA ;;1;1
SENHORA DO PORTO;;1;
SENHORA DOS REMEDIOS;2;1;
SENTINELA DO SUL;2;1;1
SENTO SE;1;3;1
SERAFINA CORREA ;4;4;3
SERICITA;2;3;
SERIDO;1;1;
SERINGUEIRAS;3;2;1
SERIO ;2;;
SERITINGA ;1;1;
SEROPEDICA;1;5;5
SERRA ;19;110;29
SERRA ALTA;3;1;
SERRA AZUL;;3;2
SERRA AZUL DE MINAS ;1;1;
SERRA BRANCA;1;2;1
SERRA CAIADA;1;1;
SERRA DO MEL;2;1;
SERRA DO NAVIO;1;1;
SERRA DO RAMALHO;1;2;2
SERRA DO SALITRE;1;4;2
SERRA DOS AIMORES ;;;1
SERRA DOURADA ;1;2;1
SERRA NEGRA ;3;3;5
SERRA NEGRA DO NORTE;1;2;
SERRA NOVA DOURADA;1;1;
SERRA PRETA ;;1;1
SERRA REDONDA ;1;1;
SERRA TALHADA ;6;6;5
SERRANA ;2;4;4
SERRANIA;1;3;1
SERRANO DO MARANHAO ;1;1;
SERRANOPOLIS;;2;2
SERRANOPOLIS DE MINAS ;1;1;
SERRANOPOLIS DO IGUACU;3;2;
SERRANOS;1;1;
SERRINHA;3;8;5
SERRITA ;2;2;
SERRO ;4;3;2
SERROLANDIA ;2;1;
SERTANEJA ;1;1;2
SERTANIA;1;3;4
SERTANOPOLIS;3;3;4
SERTAO;2;2;2
SERTAO SANTANA;1;2;3
SERTAOZINHO ;16;18;12
SETE BARRAS ;;2;2
SETE DE SETEMBRO;1;;
SETE LAGOAS ;16;33;15
SETE QUEDAS ;1;3;1
SETUBINHA ;2;2;
SEVERIANO DE ALMEIDA;3;1;1
SEVERIANO MELO;1;1;
SEVERINIA ;1;7;2
SIDEROPOLIS ;2;4;2
SIDROLANDIA ;5;5;3
SIGEFREDO PACHECO ;1;1;
SILVA JARDIM;1;1;2
SILVANIA;3;2;3
SILVANOPOLIS;;1;1
SILVEIRA MARTINS;1;;1
SILVEIRANIA ;;1;
SILVEIRAS ;1;1;1
SILVES;1;1;
SILVIANOPOLIS ;1;3;1
SIMAO DIAS;;4;5
SIMAO PEREIRA ;1;1;
SIMOES;1;1;
SIMOES FILHO;2;23;8
SIMOLANDIA;1;1;
SIMONESIA ;3;4;1
SIMPLICIO MENDES;1;2;1
SINIMBU ;1;1;2
SINOP ;14;19;11
SIQUEIRA CAMPOS ;2;3;4
SIRINHAEM ;2;4;1
SIRIRI;;;1
SITIO DO MATO ;1;1;
SITIO DO QUINTO ;1;1;
SITIO NOVO;2;2;1
SITIO NOVO DO TOCANTINS ;2;1;
SOBRADINHO;4;7;4
SOBRADO ;1;1;
SOBRAL;9;19;9
SOBRALIA;;2;1
SOCORRO ;2;4;5
SOLANEA ;1;2;3
SOLEDADE;7;7;5
SOLEDADE DE MINAS ;1;1;
SOLIDAO ;1;1;
SOLONOPOLE;1;1;1
SOMBRIO ;4;6;2
SONORA;2;3;2
SOORETAMA ;2;3;2
SOROCABA;82;89;82
SORRISO ;11;8;7
SOURE ;;3;4
SOUSA ;2;7;6
SOUTO SOARES;;1;1
SUCUPIRA;1;1;
SUCUPIRA DO NORTE ;1;1;
SUD MENNUCCI;;1;2
SUL BRASIL;2;;
SULINA;2;;
SUMARE;22;31;19
SUME;3;2;1
SUMIDOURO ;1;2;2
SURUBIM ;;4;5
SUZANAPOLIS ;2;1;
SUZANO;17;22;15
TABAI ;1;1;
TABAPORA;2;2;1
TABAPUA ;;2;3
TABATINGA ;2;7;6
TABIRA;2;2;2
TABOAO DA SERRA ;14;31;18
TABOCAS DO BREJO VELHO;2;1;
TABULEIRO ;1;1;
TABULEIRO DO NORTE;1;1;2
TACAIMBO;1;1;
TACARATU;1;2;1
TACIBA;1;1;1
TACIMA;2;1;
TACURU;2;2;
TAGUAI;1;2;2
TAGUATINGA;;5;3
TAIACU;1;1;1
TAILANDIA ;2;6;5
TAIO;4;3;3
TAIOBEIRAS;1;4;3
TAIPU ;1;1;
TAIUVA;1;1;1
TAMANDARE ;2;3;
TAMARANA;3;1;
TAMBAU;2;5;4
TAMBOARA;2;1;1
TAMBORIL;;1;2
TANABI;2;6;5
TANGARA ;5;4;2
TANGARA DA SERRA;9;9;8
TANGUA;1;4;3
TANHACU ;1;1;1
TANQUE D'ARCA ;;1;
TANQUE NOVO ;2;2;
TANQUINHO ;1;1;
TAPARUBA;1;;
TAPAUA;;1;1
TAPEJARA;7;6;6
TAPERA;2;4;3
TAPEROA ;5;4;1
TAPES ;2;4;4
TAPIRA;5;3;1
TAPIRAI ;1;;1
TAPIRAMUTA;1;1;1
TAPIRATIBA;2;6;3
TAPURAH ;2;3;2
TAQUARA ;5;12;7
TAQUARACU DE MINAS;;;1
TAQUARAL;1;1;
TAQUARAL DE GOIAS ;2;1;
TAQUARANA ;1;2;1
TAQUARI ;2;5;3
TAQUARITINGA;7;6;7
TAQUARITINGA DO NORTE ;1;2;1
TAQUARITUBA ;2;4;4
TAQUARIVAI;1;1;
TAQUARUCU DO SUL;3;1;
TAQUARUSSU;1;3;
TARABAI ;1;1;1
TARAUACA;1;5;3
TARRAFAS;1;1;
TARTARUGALZINHO ;1;1;
TARUMA;2;4;2
TARUMIRIM ;2;4;1
TASSO FRAGOSO ;;1;1
TATUI ;13;14;9
TAUA;1;3;4
TAUBATE ;40;42;33
TAVARES ;1;2;2
TEFE;3;9;4
TEIXEIRA;2;2;1
TEIXEIRA DE FREITAS ;9;6;10
TEIXEIRA SOARES ;1;2;2
TEIXEIRAS ;2;2;1
TEIXEIROPOLIS ;3;1;
TEJUCUOCA ;2;2;
TEJUPA;1;1;
TELEMACO BORBA;5;6;6
TENENTE ANANIAS ;1;1;
TENENTE LAURENTINO CRUZ ;1;1;
TENENTE PORTELA ;3;3;3
TEODORO SAMPAIO ;2;5;4
TEOFILANDIA ;3;2;
TEOFILO OTONI ;9;22;8
TEOLANDIA ;;1;1
TEOTONIO VILELA ;;5;3
TERENOS ;;2;2
TERESINA;24;78;53
TERESOPOLIS ;8;16;13
TEREZINHA ;1;2;
TEREZOPOLIS DE GOIAS;2;1;
TERRA ALTA;1;2;
TERRA BOA ;2;2;3
TERRA DE AREIA;3;2;1
TERRA NOVA;3;3;
TERRA NOVA DO NORTE ;4;2;1
TERRA RICA;4;2;2
TERRA ROXA;6;4;3
TERRA SANTA ;;1;2
TESOURO ;2;1;
TEUTONIA;6;11;4
THEOBROMA ;3;1;
TIANGUA ;1;3;4
TIBAGI;3;3;3
TIBAU DO SUL;2;3;2
TIETE ;5;4;6
TIGRINHOS ;2;;
TIJUCAS ;6;4;4
TIJUCAS DO SUL;;2;2
TIMBAUBA;;4;5
TIMBE DO SUL;1;1;1
TIMBIRAS;2;3;
TIMBO ;14;6;4
TIMBO GRANDE;2;1;
TIMBURI ;1;2;
TIMON ;2;4;5
TIMOTEO ;9;10;7
TIO HUGO;2;;
TIRADENTES;1;1;2
TIRADENTES DO SUL ;1;;1
TIROS ;1;3;1
TOBIAS BARRETO;;6;5
TOCANTINIA;1;1;
TOCANTINOPOLIS;1;3;4
TOCANTINS ;1;5;3
TOCOS DO MOJI ;1;1;
TOLEDO;31;12;11
TOMAR DO GERU ;2;2;
TOMAZINA;1;1;2
TOMBOS;3;1;1
TOME-ACU;4;9;5
TONANTINS ;1;1;
TORITAMA;;3;3
TORIXOREU ;;1;1
TOROPI;1;1;
TORRE DE PEDRA;1;2;
TORRES;4;12;6
TORRINHA;;1;2
TOUROS;1;3;2
TRABIJU ;1;1;
TRACUATEUA;;1;2
TRACUNHAEM;1;;
TRAIPU;1;1;
TRAIRAO ;1;1;1
TRAIRI;;3;3
TRAJANO DE MORAIS ;1;1;1
TRAMANDAI ;3;17;7
TRAVESSEIRO ;1;;
TREMEDAL;2;1;
TREMEMBE;1;4;4
TRES ARROIOS;2;;1
TRES BARRAS ;2;2;2
TRES BARRAS DO PARANA ;3;5;2
TRES CACHOEIRAS ;3;4;2
TRES CORACOES ;7;14;7
TRES COROAS ;3;9;3
TRES DE MAIO;4;3;4
TRES FORQUILHAS ;1;;
TRES FRONTEIRAS ;1;1;
TRES LAGOAS ;14;25;9
TRES MARIAS ;4;5;3
TRES PALMEIRAS;1;1;2
TRES PASSOS ;5;3;4
TRES PONTAS ;1;7;5
TRES RANCHOS;1;1;
TRES RIOS ;4;14;8
TREVISO ;1;;
TREZE DE MAIO ;1;1;1
TREZE TILIAS;3;2;1
TRINDADE;3;11;9
TRINDADE DO SUL ;2;;1
TRIUNFO ;7;15;6
TRIUNFO POTIGUAR;1;1;
TRIZIDELA DO VALE ;2;2;
TROMBAS ;1;1;
TROMBUDO CENTRAL;3;2;1
TUBARAO ;19;12;12
TUCANO;4;8;4
TUCUMA;2;3;4
TUCUNDUVA ;3;2;2
TUCURUI ;1;18;6
TUFILANDIA;1;1;
TUIUTI;1;1;
TUMIRITINGA ;;;1
TUNAPOLIS ;2;2;1
TUNAS ;2;;
TUNAS DO PARANA ;1;1;
TUNEIRAS DO OESTE ;1;1;1
TUNTUM;2;4;1
TUPA;6;11;6
TUPACIGUARA ;2;3;4
TUPANATINGA ;2;2;
TUPANCI DO SUL;1;1;
TUPANCIRETA ;4;4;3
TUPANDI ;2;1;1
TUPARENDI ;4;2;2
TUPARETAMA;2;1;
TUPASSI ;4;1;1
TUPI PAULISTA ;2;2;3
TURIACU ;;1;1
TURILANDIA;1;1;
TURIUBA ;1;1;
TURMALINA ;3;5;1
TURUCU;2;;
TURURU;2;2;
TURVANIA;2;1;
TURVELANDIA ;1;2;
TURVO ;4;6;5
TURVOLANDIA ;2;2;
TUTOIA;;2;3
UARINI;1;1;
UAUA;1;2;2
UBA ;5;11;6
UBAI;1;2;1
UBAIRA;1;3;1
UBAITABA;;3;3
UBAJARA ;1;4;1
UBAPORANGA;2;1;1
UBARANA ;1;1;
UBATA ;;2;2
UBATUBA ;2;4;6
UBERABA ;26;37;32
UBERLANDIA;68;80;64
UBIRAJARA ;1;2;1
UBIRATA ;3;3;4
UBIRETAMA ;3;;
UCHOA ;;2;3
UIBAI ;1;1;
UIRAMUTA;1;2;
UIRAPURU;1;1;
UIRAUNA ;1;2;1
ULIANOPOLIS ;2;2;1
UMARI ;1;1;
UMARIZAL;;1;2
UMBAUBA ;1;3;3
UMBURANAS ;1;1;
UMBURATIBA;1;1;
UMBUZEIRO ;2;2;
UMIRIM;2;2;
UMUARAMA;20;14;8
UNA ;2;4;1
UNAI;6;13;5
UNIAO ;;3;4
UNIAO DA SERRA;2;;
UNIAO DA VITORIA;7;5;5
UNIAO DE MINAS;1;2;
UNIAO DO OESTE;2;1;1
UNIAO DO SUL;2;1;
UNIAO DOS PALMARES;;5;4
UNIAO PAULISTA;;;1
UNIFLOR ;1;1;
UNISTALDA ;2;;
UPANEMA ;2;1;
URAI;3;2;2
URANDI;1;2;1
URANIA;2;2;2
URBANO SANTOS ;;2;1
URUACU;3;3;4
URUANA;1;3;3
URUANA DE MINAS ;2;1;
URUARA;;3;4
URUBICI ;2;3;2
URUBURETAMA ;1;2;1
URUCANIA;1;2;1
URUCARA ;;1;1
URUCUCA ;1;2;1
URUCUI;;3;4
URUCUIA ;2;1;
URUCURITUBA ;1;1;
URUGUAIANA;8;31;9
URUOCA;2;2;
URUPA ;5;2;1
URUPEMA ;2;1;
URUPES;2;2;3
URUSSANGA ;5;2;2
URUTAI;1;;
UTINGA;2;2;1
VACARIA ;8;12;7
VALE DE SAO DOMINGOS;1;;
VALE DO ANARI ;2;1;
VALE DO PARAISO ;3;1;
VALE DO SOL ;1;1;2
VALE REAL ;1;1;1
VALE VERDE;1;;1
VALENCA ;8;13;11
VALENCA DO PIAUI;;3;4
VALENTE ;2;3;1
VALENTIM GENTIL ;2;2;2
VALINHOS;23;13;13
VALPARAISO;3;3;3
VALPARAISO DE GOIAS ;4;7;7
VANINI;1;1;1
VARGEAO ;2;1;1
VARGEM;3;2;
VARGEM ALEGRE ;2;2;
VARGEM ALTA ;3;5;3
VARGEM BONITA ;5;2;
VARGEM GRANDE ;;3;2
VARGEM GRANDE DO RIO PARDO;1;1;
VARGEM GRANDE DO SUL;4;4;5
VARGEM GRANDE PAULISTA;;4;5
VARGINHA;14;24;13
VARJAO;2;1;
VARJAO DE MINAS ;2;3;
VARJOTA ;;1;1
VARRE-SAI ;2;3;2
VARZEA ALEGRE ;;2;3
VARZEA DA PALMA ;4;4;2
VARZEA DA ROCA;2;1;
VARZEA DO POCO;2;1;
VARZEA GRANDE ;21;25;16
VARZEA NOVA ;1;1;
VARZEA PAULISTA ;9;7;6
VARZEDO ;1;1;
VARZELANDIA ;1;3;2
VASSOURAS ;3;7;4
VAZANTE ;2;8;3
VENANCIO AIRES;5;7;6
VENDA NOVA DO IMIGRANTE ;3;4;4
VENTANIA;3;1;
VENTUROSA ;1;2;1
VERA;2;2;1
VERA CRUZ ;5;10;8
VERA CRUZ DO OESTE;4;2;1
VERANOPOLIS ;3;3;5
VERDEJANTE;1;1;
VERDELANDIA ;2;1;
VERE;3;1;1
VEREDA;2;1;
VEREDINHA ;1;1;
VERISSIMO ;1;1;
VERMELHO NOVO ;1;2;
VERTENTE DO LERIO ;1;1;
VERTENTES ;1;1;
VESPASIANO;8;9;5
VESPASIANO CORREA ;2;;
VIADUTOS;2;1;2
VIAMAO;12;40;12
VIANA ;3;18;9
VIANOPOLIS;2;3;3
VICENCIA;1;2;1
VICENTE DUTRA ;1;;1
VICENTINA ;;1;1
VICENTINOPOLIS;;1;2
VICOSA;9;13;8
VICOSA DO CEARA ;;1;3
VICTOR GRAEFF ;1;1;2
VIDAL RAMOS ;3;1;1
VIDEIRA ;11;7;7
VIEIRAS ;1;2;
VIGIA ;;2;3
VILA BELA DA SANTISSIMA TRINDADE;2;2;1
VILA BOA;1;1;
VILA FLORES ;1;;1
VILA LANGARO;1;;
VILA MARIA;1;1;2
VILA NOVA DO SUL;2;1;1
VILA NOVA DOS MARTIRIOS ;;1;1
VILA PAVAO;1;1;1
VILA RICA ;1;2;2
VILA VALERIO;3;3;2
VILA VELHA;28;108;36
VILHENA ;7;9;8
VINHEDO ;15;18;10
VIRADOURO ;2;2;3
VIRGEM DA LAPA;2;1;1
VIRGINIA;1;3;1
VIRGINOPOLIS;3;3;1
VIRGOLANDIA ;1;1;
VIRMOND ;2;;
VISCONDE DO RIO BRANCO;2;5;4
VISEU ;;2;3
VISTA ALEGRE;3;;
VISTA ALEGRE DO ALTO;3;2;1
VISTA ALEGRE DO PRATA ;2;;
VISTA GAUCHA;2;2;
VISTA SERRANA ;1;1;
VITOR MEIRELES;2;1;
VITORIA ;58;205;88
VITORIA DA CONQUISTA;18;35;18
VITORIA DAS MISSOES ;2;;
VITORIA DE SANTO ANTAO;3;7;7
VITORIA DO JARI ;1;1;
VITORIA DO MEARIM ;;3;3
VITORIA DO XINGU;1;6;1
VITORINO;5;1;
VITORINO FREIRE ;;3;2
VOLTA GRANDE;1;2;
VOLTA REDONDA ;21;76;30
VOTORANTIM;7;13;8
VOTUPORANGA ;9;11;10
WAGNER;;;1
WANDERLANDIA;1;1;
WANDERLEY ;;2;1
WENCESLAU BRAZ;3;3;3
WENCESLAU GUIMARAES ;1;2;1
WESTFALIA ;2;;
WITMARSUM ;2;2;1
XAMBIOA ;1;2;2
XAMBRE;3;1;
XANGRI-LA ;1;8;1
XANXERE ;6;5;5
XAPURI;1;3;2
XAVANTINA ;3;2;1
XAXIM ;6;6;3
XEXEU ;1;1;
XINGUARA;1;5;5
XIQUE-XIQUE ;;3;4
ZACARIAS;2;2;
ZE DOCA ;;3;4
ZORTEA;3;;
